ID,FirstName,LastName,Email,Gender,IpAddress
1,Ivette,Swan,Ivette_Swan5076@nickia.com,Female,20.140.73.223
2,Jayden,Yarwood,Jayden_Yarwood3673@joiniaa.com,Male,206.100.60.42
3,Erick,Potts,Erick_Potts9219@typill.biz,Male,7.191.161.43
4,George,Ianson,George_Ianson8918@liret.org,Male,74.175.146.49
5,Rick,Dyson,Rick_Dyson3829@supunk.biz,Male,208.139.78.171
6,Summer,Bradley,Summer_Bradley4945@hourpy.biz,Female,159.97.175.116
7,Anais,Daniells,Anais_Daniells1164@deons.tech,Female,17.245.33.137
8,Britney,Mitchell,Britney_Mitchell443@muall.tech,Female,126.108.134.21
9,Chris,Parsons,Chris_Parsons9626@corti.com,Male,245.184.13.199
10,Daniel,Noach,Daniel_Noach1202@gembat.biz,Male,178.47.74.97
11,Manuel,Redden,Manuel_Redden7680@zorer.org,Male,138.140.213.88
12,Valerie,Tanner,Valerie_Tanner6057@famism.biz,Female,224.242.158.170
13,Nate,Mann,Nate_Mann3492@twipet.com,Male,31.178.210.121
14,Dani,Owens,Dani_Owens1466@joiniaa.com,Female,16.172.25.239
15,Luke,Reyes,Luke_Reyes7092@hourpy.biz,Male,15.100.16.184
16,Matthew,Rosenbloom,Matthew_Rosenbloom6244@ubusive.com,Male,241.16.120.245
17,Felicity,Maxwell,Felicity_Maxwell3624@grannar.com,Female,17.179.48.129
18,Elijah,Tanner,Elijah_Tanner6837@naiker.biz,Male,115.50.132.64
19,Sofia,Olivier,Sofia_Olivier1008@nanoff.biz,Female,189.129.207.22
20,Kieth,Goldsmith,Kieth_Goldsmith1373@cispeto.com,Male,175.133.39.46
21,Florence,Bennett,Florence_Bennett5579@twipet.com,Female,228.224.213.177
22,Madison,Amstead,Madison_Amstead2191@twace.org,Female,53.158.48.130
23,George,Hood,George_Hood1006@bulaffy.com,Male,0.182.44.191
24,Carter,Quinton,Carter_Quinton3397@jiman.org,Male,135.19.204.19
25,Hayden,Spencer,Hayden_Spencer1158@gembat.biz,Male,115.251.2.206
26,Gil,Russel,Gil_Russel6447@jiman.org,Male,118.25.166.221
27,Macy,Haines,Macy_Haines882@bauros.biz,Female,178.52.240.164
28,Tony,Mitchell,Tony_Mitchell1126@gmail.com,Male,226.198.224.12
29,Kate,Graham,Kate_Graham3640@bungar.biz,Female,151.101.15.218
30,Hazel,Woods,Hazel_Woods9343@extex.org,Female,39.148.93.70
31,Mackenzie,Farmer,Mackenzie_Farmer3659@muall.tech,Female,62.56.71.60
32,Isla,Booth,Isla_Booth6027@guentu.biz,Female,121.87.42.221
33,Daron,Rainford,Daron_Rainford881@iatim.tech,Male,181.225.33.101
34,Daron,Goodman,Daron_Goodman6043@guentu.biz,Male,248.86.183.59
35,Paige,Harrington,Paige_Harrington8231@ubusive.com,Female,53.209.9.229
36,Harvey,Sanchez,Harvey_Sanchez4995@bungar.biz,Male,27.243.188.230
37,Summer,Coleman,Summer_Coleman8848@acrit.org,Female,70.156.180.43
38,Marvin,Reid,Marvin_Reid9320@liret.org,Male,47.81.194.74
39,Vicky,Broomfield,Vicky_Broomfield2334@bulaffy.com,Female,226.232.171.10
40,Payton,Evans,Payton_Evans8167@eirey.tech,Female,71.59.119.24
41,Willow,Farrow,Willow_Farrow8658@naiker.biz,Female,49.123.68.243
42,Mike,Cunningham,Mike_Cunningham4470@gmail.com,Male,131.218.248.72
43,Chadwick,Dobson,Chadwick_Dobson6666@grannar.com,Male,138.205.172.244
44,Louise,Tanner,Louise_Tanner6684@liret.org,Female,199.250.113.143
45,Alma,Matthews,Alma_Matthews7192@gmail.com,Female,211.38.112.43
46,Faith,Torres,Faith_Torres1833@bauros.biz,Female,166.113.79.178
47,Nathan,Potts,Nathan_Potts3109@eirey.tech,Male,238.132.53.111
48,Bob,Redden,Bob_Redden4124@joiniaa.com,Male,184.56.74.184
49,Jasmine,Jones,Jasmine_Jones5067@tonsy.org,Female,177.170.233.139
50,Bryon,Lane,Bryon_Lane7427@bauros.biz,Male,150.84.117.167
51,Janice,Stubbs,Janice_Stubbs55@zorer.org,Female,2.215.197.207
52,Jack,Bryson,Jack_Bryson5881@kideod.biz,Male,7.77.28.251
53,Brad,Baker,Brad_Baker6641@atink.com,Male,220.171.166.235
54,Domenic,Gunn,Domenic_Gunn6373@hourpy.biz,Male,115.90.163.248
55,Denis,Douglas,Denis_Douglas1012@gompie.com,Male,47.20.76.88
56,Stacy,Ianson,Stacy_Ianson4760@iatim.tech,Female,179.70.217.229
57,Noemi,Hall,Noemi_Hall8500@irrepsy.com,Female,170.131.194.125
58,Ivy,Newman,Ivy_Newman1385@deavo.com,Female,94.128.21.76
59,Mike,Shepherd,Mike_Shepherd3051@irrepsy.com,Male,44.72.0.48
60,Ethan,Flanders,Ethan_Flanders7404@vetan.org,Male,167.11.162.1
61,Ron,Quinn,Ron_Quinn8098@supunk.biz,Male,160.20.193.117
62,Maxwell,Hall,Maxwell_Hall5522@sveldo.biz,Male,246.226.98.103
63,Nathan,Allen,Nathan_Allen5737@eirey.tech,Male,42.235.133.201
64,Anais,Ulyatt,Anais_Ulyatt802@sveldo.biz,Female,118.142.233.173
65,Maddison,Eaton,Maddison_Eaton5408@bungar.biz,Female,251.242.159.10
66,Enoch,Adler,Enoch_Adler2332@vetan.org,Male,40.189.144.154
67,Mayleen,Garner,Mayleen_Garner9671@ovock.tech,Female,84.28.111.1
68,Lucas,Cobb,Lucas_Cobb7062@infotech44.tech,Male,218.247.165.49
69,Jocelyn,Redfern,Jocelyn_Redfern4838@hourpy.biz,Female,169.161.121.79
70,Sara,Roberts,Sara_Roberts3078@dionrab.com,Female,136.143.151.251
71,Isabella,Lomax,Isabella_Lomax6186@bungar.biz,Female,204.243.66.75
72,Hank,Forth,Hank_Forth3704@typill.biz,Male,104.18.35.52
73,Adelaide,Noon,Adelaide_Noon1237@famism.biz,Female,104.169.164.62
74,Darlene,Gray,Darlene_Gray6602@irrepsy.com,Female,179.173.140.68
75,Fred,Gavin,Fred_Gavin1816@gmail.com,Male,159.159.126.168
76,Rosalyn,Lynn,Rosalyn_Lynn3860@deavo.com,Female,61.99.144.139
77,Tony,Thorpe,Tony_Thorpe151@womeona.net,Male,207.111.228.226
78,Jenna,Donnelly,Jenna_Donnelly8698@jiman.org,Female,82.115.192.74
79,Bryce,Mcnally,Bryce_Mcnally9863@bungar.biz,Female,222.252.241.115
80,Nicholas,Blythe,Nicholas_Blythe74@twace.org,Male,102.91.167.182
81,Celina,Reese,Celina_Reese6065@infotech44.tech,Female,240.140.30.38
82,Mike,Noon,Mike_Noon2757@naiker.biz,Male,247.81.22.54
83,Elly,Whitehouse,Elly_Whitehouse4437@gembat.biz,Female,156.130.189.118
84,Cassandra,Veale,Cassandra_Veale405@ubusive.com,Female,14.142.6.86
85,Johnny,Jones,Johnny_Jones7972@bauros.biz,Male,172.213.56.195
86,Aurelia,Marshall,Aurelia_Marshall4428@bungar.biz,Female,179.72.101.146
87,Mona,Salt,Mona_Salt6569@extex.org,Female,253.151.238.55
88,Francesca,Smith,Francesca_Smith7479@qater.org,Female,242.176.177.80
89,Courtney,Cattell,Courtney_Cattell9766@iatim.tech,Female,176.89.26.53
90,Enoch,Silva,Enoch_Silva4534@gmail.com,Male,131.54.205.2
91,Aurelia,Vincent,Aurelia_Vincent18@irrepsy.com,Female,200.133.151.122
92,Matt,Mason,Matt_Mason814@zorer.org,Male,35.211.6.232
93,Owen,Roberts,Owen_Roberts7266@acrit.org,Male,63.214.97.233
94,Jules,Sheldon,Jules_Sheldon6870@joiniaa.com,Female,223.74.129.54
95,Abbey,Holmes,Abbey_Holmes6222@yahoo.com,Female,46.20.150.43
96,Isla,Cunningham,Isla_Cunningham8938@infotech44.tech,Female,151.44.165.239
97,Adalie,Fall,Adalie_Fall6763@grannar.com,Female,32.230.169.60
98,Denis,Phillips,Denis_Phillips8127@iatim.tech,Male,225.221.178.127
99,Javier,Edler,Javier_Edler2137@twace.org,Male,139.252.185.41
100,Tess,Matthews,Tess_Matthews5685@famism.biz,Female,6.21.20.148
101,John,Simmons,John_Simmons3551@qater.org,Male,93.96.69.20
102,Sara,Connell,Sara_Connell1480@mafthy.com,Female,176.236.141.73
103,Tony,Swift,Tony_Swift5031@gembat.biz,Male,52.191.196.70
104,Morgan,Whinter,Morgan_Whinter1167@sheye.org,Female,191.228.93.44
105,Javier,Bailey,Javier_Bailey6460@naiker.biz,Male,57.126.248.10
106,Margot,Walsh,Margot_Walsh7933@nimogy.biz,Female,26.233.39.58
107,Rick,Fisher,Rick_Fisher9964@liret.org,Male,238.91.95.134
108,Eve,Mcneill,Eve_Mcneill3828@joiniaa.com,Female,106.135.182.226
109,Olivia,Hall,Olivia_Hall7319@iatim.tech,Female,69.253.111.46
110,Alexander,Wallace,Alexander_Wallace1350@elnee.tech,Male,143.184.106.54
111,Violet,Carter,Violet_Carter4452@naiker.biz,Female,137.36.100.241
112,Keira,Martin,Keira_Martin2646@hourpy.biz,Female,213.222.95.121
113,Melania,Ward,Melania_Ward1931@gompie.com,Female,14.108.242.32
114,Johnathan,Farrow,Johnathan_Farrow5012@cispeto.com,Male,150.84.240.195
115,Lucy,Rossi,Lucy_Rossi4879@fuliss.net,Female,163.121.76.102
116,Cadence,Stone ,Cadence_Stone 9423@bulaffy.com,Female,239.236.224.95
117,Rita,Harrison,Rita_Harrison2663@sheye.org,Female,117.177.191.77
118,Michelle,Kelly,Michelle_Kelly6061@jiman.org,Female,87.111.46.44
119,Madelyn,Campbell,Madelyn_Campbell5501@nimogy.biz,Female,88.43.149.21
120,Mason,Hopkinson,Mason_Hopkinson5694@infotech44.tech,Male,239.85.180.135
121,Melania,Garcia,Melania_Garcia9954@infotech44.tech,Female,193.189.173.190
122,Emely,Wallace,Emely_Wallace7063@mafthy.com,Female,250.163.147.76
123,Mark,Drummond,Mark_Drummond6661@deavo.com,Male,12.91.162.40
124,Marie,Garcia,Marie_Garcia6518@eirey.tech,Female,216.33.149.191
125,Blake,Whitehouse,Blake_Whitehouse8393@extex.org,Female,235.190.247.190
126,Mark,Stone,Mark_Stone4074@joiniaa.com,Male,211.15.71.48
127,Lucas,Gilmour,Lucas_Gilmour5241@cispeto.com,Male,198.23.118.195
128,Manuel,Cox,Manuel_Cox8256@mafthy.com,Male,204.69.171.160
129,Daron,Evans,Daron_Evans8904@yahoo.com,Male,63.81.63.153
130,Mike,Hobson,Mike_Hobson3959@zorer.org,Male,127.245.82.231
131,Alexander,Palmer,Alexander_Palmer2015@gmail.com,Male,61.237.210.224
132,Gemma,Villiger,Gemma_Villiger6503@acrit.org,Female,2.54.124.147
133,Julianna,Thomson,Julianna_Thomson8598@sheye.org,Female,254.168.244.67
134,Alexander,Morgan,Alexander_Morgan7634@ubusive.com,Male,4.48.130.195
135,Jaylene,Gordon,Jaylene_Gordon3707@sheye.org,Female,102.51.13.71
136,Jayden,Connell,Jayden_Connell7459@dionrab.com,Male,253.107.110.203
137,Logan,Cobb,Logan_Cobb5578@qater.org,Male,156.159.83.83
138,Rocco,Weldon,Rocco_Weldon7216@guentu.biz,Male,245.119.24.83
139,Eve,Baker,Eve_Baker6785@ovock.tech,Female,92.51.175.120
140,Harry,Kennedy,Harry_Kennedy7155@corti.com,Male,88.239.131.195
141,Enoch,Vollans,Enoch_Vollans7247@deavo.com,Male,149.192.220.143
142,Caleb,Hill,Caleb_Hill1076@vetan.org,Male,248.74.152.30
143,Francesca,Sawyer,Francesca_Sawyer8534@bretoux.com,Female,16.251.57.195
144,Gabriel,Wilkinson,Gabriel_Wilkinson3291@corti.com,Male,235.224.245.120
145,Oliver,Yoman,Oliver_Yoman1224@mafthy.com,Male,68.165.24.6
146,Tyler,White,Tyler_White3933@twace.org,Male,213.5.106.190
147,Cameron,Eaton,Cameron_Eaton968@joiniaa.com,Female,144.254.155.54
148,Barney,Turner,Barney_Turner1238@infotech44.tech,Male,18.208.68.205
149,Luke,Reyes,Luke_Reyes1998@iatim.tech,Male,174.143.51.20
150,Noah,Partridge,Noah_Partridge2132@famism.biz,Male,19.61.184.184
151,Rosemary,Gates,Rosemary_Gates8829@corti.com,Female,185.55.107.24
152,Gabriel,Yates,Gabriel_Yates6117@famism.biz,Male,182.83.120.74
153,Liv,Clark,Liv_Clark5269@muall.tech,Female,160.29.17.108
154,Susan,Flack,Susan_Flack5448@zorer.org,Female,97.1.183.147
155,Nick,Johnson,Nick_Johnson1052@bauros.biz,Male,38.217.42.14
156,Angelina,Whitmore,Angelina_Whitmore4294@grannar.com,Female,119.130.59.214
157,Teagan,Jordan,Teagan_Jordan9923@atink.com,Female,236.52.188.156
158,Hanna,Cadman,Hanna_Cadman8935@bulaffy.com,Female,219.176.200.26
159,Enoch,Shea,Enoch_Shea129@mafthy.com,Male,16.169.0.241
160,Hayden,Potter,Hayden_Potter8796@atink.com,Male,81.38.245.59
161,Adalie,Blythe,Adalie_Blythe5540@elnee.tech,Female,35.223.131.212
162,Enoch,Eddison,Enoch_Eddison1280@acrit.org,Male,167.34.101.239
163,Brad,Pitt,Brad_Pitt7909@muall.tech,Male,239.186.187.35
164,Olivia,Benfield,Olivia_Benfield5547@corti.com,Female,169.101.147.120
165,Hank,Nobbs,Hank_Nobbs1696@guentu.biz,Male,36.163.134.132
166,Alexia,Dale,Alexia_Dale208@naiker.biz,Female,188.82.231.175
167,Lucas,Fall,Lucas_Fall3769@kideod.biz,Male,11.43.162.206
168,Jessica,Radley,Jessica_Radley9240@zorer.org,Female,29.9.232.116
169,Mark,Watson,Mark_Watson2142@yahoo.com,Male,244.181.195.35
170,Nate,Vaughan,Nate_Vaughan8900@twipet.com,Male,11.196.185.134
171,Chuck,Dann,Chuck_Dann7177@grannar.com,Male,160.211.36.135
172,Carina,Drew,Carina_Drew4489@deons.tech,Female,52.236.89.60
173,Ada,Wood,Ada_Wood4995@fuliss.net,Female,196.170.161.56
174,Nate,Thorpe,Nate_Thorpe3822@bretoux.com,Male,74.123.170.44
175,Lucy,Styles,Lucy_Styles2342@bulaffy.com,Female,237.10.206.102
176,Percy,Tate,Percy_Tate4909@twace.org,Male,145.128.181.233
177,Anthony,Gilbert,Anthony_Gilbert9246@ubusive.com,Male,100.7.34.115
178,Sara,Brennan,Sara_Brennan1760@nickia.com,Female,195.43.152.230
179,Boris,Carson,Boris_Carson2343@sheye.org,Male,236.208.63.128
180,Samara,Rehman,Samara_Rehman7537@deons.tech,Female,238.163.232.3
181,Cedrick,Cartwright,Cedrick_Cartwright3557@typill.biz,Male,219.62.211.222
182,Lucas,Mann,Lucas_Mann8086@gembat.biz,Male,25.244.39.59
183,Ryan,Dubois,Ryan_Dubois6323@supunk.biz,Male,242.128.21.10
184,Carl,Page ,Carl_Page 5815@tonsy.org,Male,210.128.109.11
185,Julius,Powell,Julius_Powell3776@kideod.biz,Male,223.245.137.189
186,Ellen,Whitehouse,Ellen_Whitehouse6768@famism.biz,Female,29.69.244.252
187,Florence,Morris,Florence_Morris7877@grannar.com,Female,37.83.156.104
188,Harry,Eaton,Harry_Eaton1085@fuliss.net,Male,150.103.44.189
189,Aleksandra,Horton,Aleksandra_Horton3410@womeona.net,Female,162.148.134.16
190,George,Amstead,George_Amstead4390@jiman.org,Male,133.50.212.138
191,Michael,Jenkin,Michael_Jenkin1301@gembat.biz,Male,114.96.171.197
192,Fred,Campbell,Fred_Campbell2174@famism.biz,Male,99.209.66.49
193,Eden,Clark,Eden_Clark5506@brety.org,Female,13.22.214.32
194,Tania,Stark,Tania_Stark6293@liret.org,Female,162.212.31.154
195,Harmony,Mann,Harmony_Mann7553@cispeto.com,Female,115.83.97.121
196,Danny,Strong,Danny_Strong6377@jiman.org,Male,191.203.103.61
197,Denny,Andersson,Denny_Andersson5440@fuliss.net,Male,36.120.250.170
198,Diane,Powell,Diane_Powell6579@twipet.com,Female,167.11.7.192
199,Julian,Haines,Julian_Haines3648@muall.tech,Male,115.238.92.74
200,Melanie,Richards,Melanie_Richards8830@brety.org,Female,183.92.188.93
201,Elle,Isaac,Elle_Isaac7146@ubusive.com,Female,1.71.87.62
202,Danny,Forester,Danny_Forester6496@deavo.com,Male,166.44.229.244
203,Elijah,Wright,Elijah_Wright6899@yahoo.com,Male,31.206.235.192
204,Stacy,Dyson,Stacy_Dyson6651@bungar.biz,Female,97.252.11.182
205,Ethan,Mason,Ethan_Mason1188@fuliss.net,Male,17.199.41.150
206,Michael,Ellison,Michael_Ellison7789@nickia.com,Male,222.166.174.0
207,Maxwell,Murray,Maxwell_Murray5875@ovock.tech,Male,102.26.185.44
208,Mason,Robertson,Mason_Robertson1863@bulaffy.com,Male,157.251.174.25
209,Callie,Turner,Callie_Turner3339@zorer.org,Female,211.133.254.76
210,Julian,Thorpe,Julian_Thorpe425@bulaffy.com,Male,208.0.43.2
211,Doug,Mccall,Doug_Mccall9888@hourpy.biz,Male,106.70.221.35
212,Josh,Cobb,Josh_Cobb5835@bauros.biz,Male,139.5.183.49
213,Liam,Corbett,Liam_Corbett4239@cispeto.com,Male,89.22.70.15
214,Rick,Samuel,Rick_Samuel6736@gompie.com,Male,73.167.129.162
215,Jazmin,Greenwood,Jazmin_Greenwood8608@twipet.com,Female,192.184.74.114
216,Kurt,Palmer,Kurt_Palmer9777@qater.org,Male,219.160.123.200
217,Dalia,Walsh,Dalia_Walsh8074@elnee.tech,Female,17.75.3.118
218,Jackeline,Rogers,Jackeline_Rogers821@qater.org,Female,55.61.32.183
219,Benjamin,Wise,Benjamin_Wise8272@bauros.biz,Male,84.213.211.234
220,Phillip,Furnell,Phillip_Furnell7211@sheye.org,Male,140.216.109.230
221,Julianna,Vernon,Julianna_Vernon8278@jiman.org,Female,72.51.30.57
222,Chloe,Flanders,Chloe_Flanders7621@cispeto.com,Female,136.44.13.132
223,Alan,Stuart,Alan_Stuart912@yahoo.com,Male,182.201.81.217
224,Chadwick,Shaw,Chadwick_Shaw2239@fuliss.net,Male,233.246.140.86
225,Carl,Bailey,Carl_Bailey6025@corti.com,Male,39.105.55.131
226,Sylvia,Clark,Sylvia_Clark9103@qater.org,Female,253.158.201.195
227,Aiden,Eyres,Aiden_Eyres2669@atink.com,Male,205.71.192.173
228,Carrie,Fleming,Carrie_Fleming7131@guentu.biz,Female,130.220.153.59
229,Joyce,Saunders,Joyce_Saunders8003@supunk.biz,Female,145.229.97.133
230,Mark,Lowe,Mark_Lowe7836@iatim.tech,Male,62.115.112.108
231,Isabella,Lewin,Isabella_Lewin5340@tonsy.org,Female,191.21.4.231
232,Lucy,Utterson,Lucy_Utterson5557@joiniaa.com,Female,233.20.226.119
233,Karen,Warren,Karen_Warren2337@qater.org,Female,98.214.18.193
234,Gil,Lynn,Gil_Lynn1747@liret.org,Male,164.10.156.121
235,Chris,Doherty,Chris_Doherty4734@grannar.com,Male,69.158.96.61
236,Gwenyth,Styles,Gwenyth_Styles9742@bungar.biz,Female,249.107.173.37
237,Marina,Jacobs,Marina_Jacobs2611@liret.org,Female,180.215.82.235
238,Isabella,Ebbs,Isabella_Ebbs4111@womeona.net,Female,5.108.173.38
239,Abdul,Ellison,Abdul_Ellison8327@womeona.net,Male,126.113.61.35
240,Wade,Jarvis,Wade_Jarvis4660@ovock.tech,Male,121.158.63.163
241,Hazel,Rothwell,Hazel_Rothwell4537@corti.com,Female,177.39.113.237
242,Scarlett,Baldwin,Scarlett_Baldwin5297@supunk.biz,Female,113.45.184.179
243,Jessica,Baker,Jessica_Baker1834@joiniaa.com,Female,131.0.115.126
244,Domenic,Dickson,Domenic_Dickson406@atink.com,Male,118.2.88.49
245,Nate,Walsh,Nate_Walsh3090@dionrab.com,Male,122.211.20.52
246,Mark,Simpson,Mark_Simpson5472@liret.org,Male,209.29.9.243
247,Johnathan,Weldon,Johnathan_Weldon9492@joiniaa.com,Male,96.178.94.12
248,Jack,Wilcox,Jack_Wilcox5299@zorer.org,Male,66.75.30.118
249,Georgia,Foxley,Georgia_Foxley2468@bulaffy.com,Female,127.159.207.108
250,Erin,Mackenzie,Erin_Mackenzie3889@gmail.com,Female,163.12.231.99
251,Remy,Zaoui,Remy_Zaoui320@bulaffy.com,Female,118.94.170.39
252,Amelia,Noach,Amelia_Noach5711@bulaffy.com,Female,197.115.9.43
253,Sydney,Needham,Sydney_Needham9436@womeona.net,Female,117.113.42.191
254,Dorothy,Villiger,Dorothy_Villiger7305@guentu.biz,Female,57.226.83.195
255,Carl,Wilkinson,Carl_Wilkinson6598@ovock.tech,Male,88.102.123.55
256,Alexia,Bennett,Alexia_Bennett7392@gembat.biz,Female,227.131.126.249
257,Gabriel,Watson,Gabriel_Watson9194@deavo.com,Male,34.68.172.162
258,Josh,Campbell,Josh_Campbell2715@joiniaa.com,Male,202.57.251.140
259,Moira,Adams,Moira_Adams9482@supunk.biz,Female,49.165.132.19
260,Hanna,James,Hanna_James3502@dionrab.com,Female,236.9.239.177
261,Miley,Eddison,Miley_Eddison8464@twipet.com,Female,15.189.86.41
262,Mason,Williams,Mason_Williams9447@supunk.biz,Male,15.64.133.120
263,Chris,Bowen,Chris_Bowen6020@jiman.org,Male,125.197.49.167
264,Joseph,Cann,Joseph_Cann2932@nimogy.biz,Male,85.29.165.236
265,Russel,Richardson,Russel_Richardson3578@famism.biz,Male,46.114.245.115
266,Ron,Rogers,Ron_Rogers4683@iatim.tech,Male,84.31.149.21
267,Parker,Pearce,Parker_Pearce6812@yahoo.com,Female,96.59.62.222
268,Adalie,Hancock,Adalie_Hancock5995@twipet.com,Female,44.99.139.140
269,Angelique,Moore,Angelique_Moore7417@infotech44.tech,Female,62.208.169.85
270,Dorothy,Eaton,Dorothy_Eaton5648@ovock.tech,Female,230.160.81.201
271,Tom,Goldsmith,Tom_Goldsmith904@atink.com,Male,17.232.47.3
272,Tom,Bryant,Tom_Bryant340@famism.biz,Male,120.206.181.150
273,Renee,Purvis,Renee_Purvis9078@nimogy.biz,Female,106.9.165.95
274,Adeline,Duvall,Adeline_Duvall7601@liret.org,Female,214.183.148.58
275,Bryon,Olivier,Bryon_Olivier6496@atink.com,Male,162.126.129.4
276,Maddison,Foxley,Maddison_Foxley7292@sheye.org,Female,96.75.100.19
277,Gabriel,Porter,Gabriel_Porter8107@bretoux.com,Male,221.207.206.247
278,Raquel,Bullock,Raquel_Bullock4808@gembat.biz,Female,236.234.193.116
279,Carter,Norburn,Carter_Norburn6349@ovock.tech,Male,159.87.252.115
280,Michael,Edwards,Michael_Edwards5069@bulaffy.com,Male,17.209.88.128
281,Rocco,Stewart,Rocco_Stewart5365@bungar.biz,Male,221.111.133.20
282,Alice,Randall,Alice_Randall9367@iatim.tech,Female,127.160.221.174
283,Kassandra,Harper,Kassandra_Harper3569@jiman.org,Female,108.183.146.217
284,David,Bryant,David_Bryant2532@deons.tech,Male,61.253.181.65
285,Hank,Mitchell,Hank_Mitchell9115@vetan.org,Male,1.99.223.129
286,Isabel,Shea,Isabel_Shea6611@corti.com,Female,0.83.69.95
287,Chester,Radcliffe,Chester_Radcliffe6718@kideod.biz,Male,225.72.215.2
288,Rufus,Daniells,Rufus_Daniells6151@bungar.biz,Male,180.232.189.3
289,William,Dempsey,William_Dempsey663@extex.org,Male,39.232.195.64
290,Daniel,Harris,Daniel_Harris3395@extex.org,Male,81.37.115.224
291,Julian,Amstead,Julian_Amstead8664@acrit.org,Male,133.85.184.166
292,Dasha,Olson,Dasha_Olson2557@hourpy.biz,Female,78.203.172.71
293,Eileen,Addison,Eileen_Addison5911@supunk.biz,Female,199.146.158.86
294,Renee,Allcott,Renee_Allcott8607@muall.tech,Female,125.248.183.165
295,Elly,Nicholls,Elly_Nicholls1149@twace.org,Female,83.119.129.195
296,Caleb,Gaynor,Caleb_Gaynor1735@bretoux.com,Male,52.243.122.25
297,Tom,Vane,Tom_Vane3855@twace.org,Male,160.184.155.2
298,Ada,Rivers,Ada_Rivers276@iatim.tech,Female,199.102.119.217
299,Mara,Rowlands,Mara_Rowlands8521@famism.biz,Female,22.72.141.63
300,Meredith,Gordon,Meredith_Gordon6220@deons.tech,Female,26.204.249.141
301,Oliver,Norris,Oliver_Norris4970@yahoo.com,Male,112.113.140.139
302,Gladys,Patel,Gladys_Patel6257@nanoff.biz,Female,225.220.85.36
303,Nate,Mcnally,Nate_Mcnally3592@supunk.biz,Male,213.116.241.234
304,Elle,Hammond,Elle_Hammond9136@ovock.tech,Female,116.145.208.24
305,Catherine,Thorne,Catherine_Thorne92@iatim.tech,Female,13.221.113.212
306,Sebastian,Stuart,Sebastian_Stuart8329@dionrab.com,Male,111.127.25.212
307,Aleksandra,Ingham,Aleksandra_Ingham6301@guentu.biz,Female,96.145.171.220
308,Ciara,Quinton,Ciara_Quinton2405@mafthy.com,Female,155.40.185.150
309,Doug,Baker,Doug_Baker1121@deons.tech,Male,130.150.214.100
310,Davina,Gaynor,Davina_Gaynor9843@infotech44.tech,Female,37.26.29.254
311,Peter,Norman,Peter_Norman5778@famism.biz,Male,50.57.61.60
312,Jayden,Larkin,Jayden_Larkin5070@nimogy.biz,Male,247.98.136.123
313,Mike,Roscoe,Mike_Roscoe2794@extex.org,Male,214.15.67.5
314,Emely,Vaughn,Emely_Vaughn7300@nanoff.biz,Female,196.111.17.149
315,Josephine,Jenkin,Josephine_Jenkin6009@kideod.biz,Female,47.246.75.210
316,Beatrice,Speed,Beatrice_Speed6303@zorer.org,Female,190.233.149.54
317,Tony,Roth,Tony_Roth2183@grannar.com,Male,60.10.87.5
318,Bob,Anderson,Bob_Anderson9462@jiman.org,Male,111.33.211.101
319,Liam,Moran,Liam_Moran4410@elnee.tech,Male,237.105.219.133
320,Juliet,Hunt,Juliet_Hunt8570@bulaffy.com,Female,82.33.13.1
321,Bridget,Reid,Bridget_Reid2750@kideod.biz,Female,112.159.91.7
322,Rick,Spencer,Rick_Spencer1881@gompie.com,Male,95.132.202.157
323,Rocco,Butler,Rocco_Butler8206@sveldo.biz,Male,174.117.7.50
324,Emery,Allington,Emery_Allington8242@famism.biz,Female,65.124.254.92
325,Dani,Richardson,Dani_Richardson8278@ubusive.com,Female,195.168.73.32
326,Morgan,Morley,Morgan_Morley4364@corti.com,Female,244.204.44.232
327,Elle,Evans,Elle_Evans1613@cispeto.com,Female,137.66.36.16
328,Leslie,Malone,Leslie_Malone4311@twace.org,Female,196.90.127.203
329,Gabriel,Smith,Gabriel_Smith9022@corti.com,Male,246.163.83.131
330,Russel,Flett,Russel_Flett860@extex.org,Male,180.227.80.108
331,Rufus,Addison,Rufus_Addison2234@mafthy.com,Male,71.231.79.75
332,Cameron,Bolton,Cameron_Bolton3729@atink.com,Female,206.177.168.203
333,Cedrick,Walker,Cedrick_Walker6273@womeona.net,Male,146.111.114.155
334,Bree,Farmer,Bree_Farmer725@yahoo.com,Female,129.241.80.175
335,Moira,Turner,Moira_Turner315@bauros.biz,Female,39.240.237.160
336,Matt,Kelly,Matt_Kelly5167@corti.com,Male,145.227.178.128
337,Felicity,Thompson,Felicity_Thompson7008@typill.biz,Female,143.58.86.229
338,Hayden,Richards,Hayden_Richards9722@gmail.com,Male,144.230.221.149
339,Martin,Flanders,Martin_Flanders8189@bulaffy.com,Male,165.133.146.42
340,Rick,Ebden,Rick_Ebden8089@kideod.biz,Male,152.160.58.225
341,Emma,Fisher,Emma_Fisher325@sheye.org,Female,161.65.39.160
342,Mason,Wade,Mason_Wade1124@gompie.com,Male,86.163.202.82
343,William,Weston,William_Weston1714@gembat.biz,Male,155.145.132.195
344,Eduardo,Trent,Eduardo_Trent9847@gembat.biz,Male,6.120.9.15
345,Domenic,Mcgregor,Domenic_Mcgregor9425@zorer.org,Male,151.34.59.215
346,Davina,Whatson,Davina_Whatson9070@muall.tech,Female,68.110.207.139
347,Moira,Selby,Moira_Selby3883@gmail.com,Female,253.9.230.145
348,Hayden,Varley,Hayden_Varley7326@irrepsy.com,Male,170.181.78.52
349,Audrey,White,Audrey_White6758@cispeto.com,Female,26.195.84.221
350,Naomi,Greenwood,Naomi_Greenwood4921@hourpy.biz,Female,166.250.147.126
351,Diane,Willson,Diane_Willson6604@jiman.org,Female,90.25.110.208
352,Diane,Ellery,Diane_Ellery6070@bulaffy.com,Female,183.15.222.13
353,Wade,Knight,Wade_Knight328@hourpy.biz,Male,54.28.230.175
354,Julius,Owens,Julius_Owens8099@tonsy.org,Male,61.173.105.33
355,Julia,Denton,Julia_Denton5141@tonsy.org,Female,119.12.149.17
356,Harry,Wright,Harry_Wright5263@liret.org,Male,216.51.209.69
357,Elisabeth,Norman,Elisabeth_Norman7431@iatim.tech,Female,108.80.106.209
358,Angelique,Wellington,Angelique_Wellington7422@sveldo.biz,Female,227.49.213.168
359,Javier,Thomson,Javier_Thomson8363@iatim.tech,Male,147.154.146.102
360,Andie,Yarwood,Andie_Yarwood1384@infotech44.tech,Female,204.150.225.53
361,Kenzie,Olivier,Kenzie_Olivier7627@grannar.com,Female,239.93.108.247
362,Caitlyn,Fields,Caitlyn_Fields1636@bauros.biz,Female,184.91.30.8
363,Harvey,Kennedy,Harvey_Kennedy164@mafthy.com,Male,47.130.199.100
364,Joyce,Ellis,Joyce_Ellis6247@bulaffy.com,Female,135.194.73.152
365,Sharon,Crawford,Sharon_Crawford6047@cispeto.com,Female,171.176.98.242
366,Chad,Rixon,Chad_Rixon8499@typill.biz,Male,105.157.45.17
367,Mona,Price,Mona_Price303@cispeto.com,Female,87.188.65.97
368,Davina,Nicolas,Davina_Nicolas5215@gmail.com,Female,162.34.129.0
369,Aiden,Ellery,Aiden_Ellery8308@joiniaa.com,Male,212.117.209.247
370,Bethany,Olson,Bethany_Olson2186@sheye.org,Female,161.38.23.233
371,Jolene,Poole,Jolene_Poole33@irrepsy.com,Female,94.242.120.156
372,Katelyn,Wright,Katelyn_Wright1751@jiman.org,Female,77.191.157.126
373,Josh,Foxley,Josh_Foxley2882@elnee.tech,Male,95.217.193.39
374,Chris,Farmer,Chris_Farmer5945@sheye.org,Male,15.31.91.99
375,Josh,Powell,Josh_Powell2086@nickia.com,Male,205.104.244.106
376,Liam,Summers,Liam_Summers5988@atink.com,Male,3.37.147.230
377,Clint,Nicholls,Clint_Nicholls3181@famism.biz,Male,60.130.104.98
378,Hank,Warner,Hank_Warner2300@qater.org,Male,228.181.157.189
379,Stella,Warren,Stella_Warren3438@liret.org,Female,243.112.112.105
380,Daniel,Ryan,Daniel_Ryan4535@bauros.biz,Male,176.170.40.218
381,Mark,Robe,Mark_Robe5706@twace.org,Male,124.77.191.70
382,Adalind,Williams,Adalind_Williams8345@atink.com,Female,157.215.21.94
383,Kurt,Duvall,Kurt_Duvall9973@womeona.net,Male,163.239.124.182
384,Wade,Nash,Wade_Nash7627@twipet.com,Male,246.83.54.126
385,Ilona,Walter,Ilona_Walter1635@ovock.tech,Female,98.180.78.15
386,Ema,Olson,Ema_Olson7864@extex.org,Female,56.0.12.193
387,Angelica,Shaw,Angelica_Shaw371@deons.tech,Female,190.195.136.173
388,Stacy,Olivier,Stacy_Olivier5910@nanoff.biz,Female,26.231.9.245
389,Eduardo,Sherry,Eduardo_Sherry4293@tonsy.org,Male,164.195.195.165
390,Doug,Morrow,Doug_Morrow4526@supunk.biz,Male,213.166.18.187
391,Chloe,Miller,Chloe_Miller6262@acrit.org,Female,54.253.155.200
392,Nicholas,Alcroft,Nicholas_Alcroft862@sheye.org,Male,233.97.213.192
393,Chuck,Vallins,Chuck_Vallins8881@elnee.tech,Male,2.45.49.135
394,Hope,Booth,Hope_Booth3045@atink.com,Female,193.1.21.248
395,Phillip,Lynch,Phillip_Lynch9829@deons.tech,Male,0.49.173.58
396,Russel,Tindall,Russel_Tindall3176@atink.com,Male,158.72.47.152
397,Estrella,Clark,Estrella_Clark780@joiniaa.com,Female,121.167.240.103
398,Daniel,Rothwell,Daniel_Rothwell8626@iatim.tech,Male,208.3.201.129
399,Harvey,Morris,Harvey_Morris9647@typill.biz,Male,161.132.38.77
400,Peter,Allwood,Peter_Allwood4845@sheye.org,Male,217.20.145.253
401,Callie,Edler,Callie_Edler2750@hourpy.biz,Female,38.243.174.56
402,Oliver,Palmer,Oliver_Palmer6791@qater.org,Male,136.212.70.125
403,Nancy,Payne,Nancy_Payne6376@nickia.com,Female,23.208.25.139
404,Mandy,Clarkson,Mandy_Clarkson7948@famism.biz,Female,144.57.36.250
405,Ron,Waterhouse,Ron_Waterhouse9284@twipet.com,Male,249.35.160.92
406,Agnes,May,Agnes_May764@womeona.net,Female,213.156.156.225
407,Bryon,Tanner,Bryon_Tanner1380@atink.com,Male,42.178.158.115
408,Janice,Shields,Janice_Shields2917@brety.org,Female,31.147.90.134
409,Carolyn,Driscoll,Carolyn_Driscoll7370@extex.org,Female,237.93.68.143
410,Anthony,Hunter,Anthony_Hunter2583@eirey.tech,Male,210.177.199.0
411,Jayden,Freeburn,Jayden_Freeburn1780@womeona.net,Male,84.130.88.187
412,Harmony,Brennan,Harmony_Brennan873@bungar.biz,Female,38.29.36.23
413,Kurt,Richards,Kurt_Richards613@guentu.biz,Male,178.109.8.76
414,Tyson,Rigg,Tyson_Rigg3520@grannar.com,Male,112.1.51.192
415,Luke,Taylor,Luke_Taylor5353@tonsy.org,Male,176.133.83.124
416,Olivia,Hopkins,Olivia_Hopkins6903@muall.tech,Female,216.115.73.167
417,Cedrick,Emerson,Cedrick_Emerson500@sheye.org,Male,117.231.135.64
418,Bridget,Tyrrell,Bridget_Tyrrell3886@gmail.com,Female,198.228.221.149
419,Ethan,Corbett,Ethan_Corbett5437@fuliss.net,Male,222.27.178.98
420,Ramon,Clifton,Ramon_Clifton5474@gembat.biz,Male,239.247.195.63
421,Mike,Roberts,Mike_Roberts748@atink.com,Male,203.42.82.184
422,Carolyn,Olson,Carolyn_Olson7038@irrepsy.com,Female,203.238.7.130
423,Florence,Craig,Florence_Craig1449@elnee.tech,Female,108.92.45.137
424,Sienna,Campbell,Sienna_Campbell6233@bauros.biz,Female,46.7.98.225
425,Hanna,Fowler,Hanna_Fowler9758@extex.org,Female,102.3.19.215
426,Ronald,Sawyer,Ronald_Sawyer2555@nanoff.biz,Male,146.216.164.207
427,Marissa,Powell,Marissa_Powell7865@brety.org,Female,211.244.245.17
428,Abdul,James,Abdul_James1457@famism.biz,Male,146.59.38.142
429,Lucas,Cann,Lucas_Cann3334@cispeto.com,Male,222.222.113.64
430,Bryon,Richards,Bryon_Richards5706@nanoff.biz,Male,183.253.61.105
431,Chad,Richardson,Chad_Richardson91@muall.tech,Male,114.202.50.207
432,Callie,Bayliss,Callie_Bayliss886@zorer.org,Female,37.166.70.190
433,Anthony,Lomax,Anthony_Lomax7072@eirey.tech,Male,98.250.247.8
434,Ryan,Windsor,Ryan_Windsor7396@cispeto.com,Male,90.70.172.63
435,Miley,Bristow,Miley_Bristow6311@acrit.org,Female,161.74.178.222
436,Ally,Oliver,Ally_Oliver4969@deavo.com,Female,236.88.195.204
437,Allison,Locke,Allison_Locke1655@nanoff.biz,Female,90.244.145.94
438,Liam,Clark,Liam_Clark307@gembat.biz,Male,72.225.93.194
439,Barney,Blackburn,Barney_Blackburn998@nanoff.biz,Male,219.125.9.109
440,Janelle,Nelson,Janelle_Nelson8752@gmail.com,Female,65.129.116.1
441,Ron,Heaton,Ron_Heaton3282@bungar.biz,Male,22.174.73.17
442,Robyn,Jobson,Robyn_Jobson41@mafthy.com,Female,47.183.1.152
443,Jane,Foxley,Jane_Foxley1413@naiker.biz,Female,91.26.167.35
444,Courtney,Hammond,Courtney_Hammond3593@iatim.tech,Female,95.243.44.39
445,Ethan,Goldsmith,Ethan_Goldsmith9672@iatim.tech,Male,7.129.75.151
446,Bob,Young,Bob_Young8584@womeona.net,Male,193.147.135.253
447,Ramon,Rust,Ramon_Rust1486@nimogy.biz,Male,158.158.94.9
448,Alan,West,Alan_West8483@sveldo.biz,Male,167.242.130.68
449,Denis,Potts,Denis_Potts631@eirey.tech,Male,70.144.210.93
450,Kurt,Overson,Kurt_Overson1802@cispeto.com,Male,37.14.69.155
451,Luke,Seymour,Luke_Seymour2566@tonsy.org,Male,251.166.190.60
452,Gladys,Latham,Gladys_Latham2606@deons.tech,Female,45.246.226.219
453,Tyler,Wise,Tyler_Wise54@eirey.tech,Male,206.93.86.155
454,Harry,Button,Harry_Button8999@gmail.com,Male,181.140.222.155
455,Benjamin,Locke,Benjamin_Locke5862@bauros.biz,Male,185.41.23.182
456,Hank,Mcnally,Hank_Mcnally4114@zorer.org,Male,156.33.1.147
457,Chloe,Hope,Chloe_Hope1366@deons.tech,Female,31.43.229.151
458,Benjamin,Drake,Benjamin_Drake2797@fuliss.net,Male,59.53.64.68
459,Owen,Walsh,Owen_Walsh6218@twipet.com,Male,110.68.8.129
460,Rosie,Lloyd,Rosie_Lloyd2935@sheye.org,Female,78.174.126.188
461,Gemma,Dunbar,Gemma_Dunbar4963@iatim.tech,Female,22.226.102.190
462,Lucas,Lane,Lucas_Lane7365@nimogy.biz,Male,87.176.216.30
463,Holly,Allen,Holly_Allen3922@deavo.com,Female,20.203.129.198
464,Jazmin,Vernon,Jazmin_Vernon5109@joiniaa.com,Female,97.198.252.150
465,Angelica,Ulyatt,Angelica_Ulyatt2878@guentu.biz,Female,178.206.152.147
466,Rick,Waterhouse,Rick_Waterhouse3756@nanoff.biz,Male,107.222.198.33
467,Stacy,Gray,Stacy_Gray6231@bungar.biz,Female,176.94.83.94
468,Benny,Vallory,Benny_Vallory2616@eirey.tech,Male,250.215.129.61
469,John,Watson,John_Watson9298@guentu.biz,Male,182.85.88.102
470,Clint,Walsh,Clint_Walsh8590@infotech44.tech,Male,43.62.89.206
471,Bryon,Ogilvy,Bryon_Ogilvy2239@sheye.org,Male,232.145.34.33
472,Ryan,Avery,Ryan_Avery5367@ubusive.com,Male,22.114.186.188
473,Florence,Utterson,Florence_Utterson9249@irrepsy.com,Female,143.215.74.166
474,Boris,Giles,Boris_Giles6973@irrepsy.com,Male,200.249.41.144
475,Marvin,Watson,Marvin_Watson2156@gmail.com,Male,37.118.135.158
476,Julian,Rogers,Julian_Rogers6133@kideod.biz,Male,79.142.192.119
477,Gil,Coates,Gil_Coates4807@jiman.org,Male,20.169.18.219
478,Rita,Cann,Rita_Cann1668@kideod.biz,Female,38.205.139.36
479,Margot,Flett,Margot_Flett6686@atink.com,Female,57.224.62.9
480,Peyton,Bullock,Peyton_Bullock6920@typill.biz,Female,220.184.240.23
481,Chris,Chappell,Chris_Chappell6710@dionrab.com,Male,111.88.40.61
482,Emely,Jacobs,Emely_Jacobs6101@bretoux.com,Female,191.156.84.33
483,Valerie,Woods,Valerie_Woods368@deavo.com,Female,225.151.93.59
484,Tyson,Gibbons,Tyson_Gibbons4534@guentu.biz,Male,180.164.154.193
485,Liam,Heaton,Liam_Heaton38@sheye.org,Male,56.156.95.34
486,Daria,Warner,Daria_Warner8106@yahoo.com,Female,14.89.247.187
487,Denis,Mcgee,Denis_Mcgee9261@guentu.biz,Male,164.142.181.164
488,Aeris,Grant,Aeris_Grant5719@elnee.tech,Female,122.106.69.12
489,Brad,Ianson,Brad_Ianson2300@sheye.org,Male,9.12.107.217
490,Florence,Trent,Florence_Trent8719@eirey.tech,Female,228.202.28.235
491,Mason,Umney,Mason_Umney7310@nanoff.biz,Male,62.209.97.217
492,Martin,Price,Martin_Price9222@iatim.tech,Male,158.191.41.202
493,Harry,Seymour,Harry_Seymour8570@yahoo.com,Male,110.34.82.144
494,Julius,Mills,Julius_Mills3490@yahoo.com,Male,93.124.13.101
495,Jocelyn,Lane,Jocelyn_Lane5681@twipet.com,Female,70.191.62.2
496,Marvin,Olivier,Marvin_Olivier3198@sveldo.biz,Male,134.11.178.146
497,Cecilia,Owen,Cecilia_Owen8132@gompie.com,Female,85.186.225.45
498,Charlize,Ramsey,Charlize_Ramsey7632@ovock.tech,Female,235.145.144.14
499,Julius,Reyes,Julius_Reyes3148@ubusive.com,Male,13.251.59.159
500,Jaylene,Slater,Jaylene_Slater4767@irrepsy.com,Female,183.218.254.104
501,Michael,Ulyatt,Michael_Ulyatt672@twace.org,Male,114.221.96.134
502,Nancy,Griffiths,Nancy_Griffiths6449@eirey.tech,Female,57.46.123.110
503,Nate,Morris,Nate_Morris2586@jiman.org,Male,88.56.75.51
504,Gil,Purvis,Gil_Purvis1604@joiniaa.com,Male,207.209.45.56
505,Hank,Neal,Hank_Neal7034@twace.org,Male,214.36.58.55
506,Meredith,Shepherd,Meredith_Shepherd5672@gompie.com,Female,10.155.205.147
507,Vanessa,Bryant,Vanessa_Bryant1774@muall.tech,Female,99.80.58.118
508,Taylor,Chester,Taylor_Chester2654@bauros.biz,Female,188.203.32.76
509,Rihanna,Roberts,Rihanna_Roberts774@nimogy.biz,Female,177.0.148.31
510,Elijah,Baker,Elijah_Baker6001@irrepsy.com,Male,155.109.11.180
511,Amelia,Jefferson,Amelia_Jefferson7649@naiker.biz,Female,136.26.209.237
512,Elisabeth,Woodcock,Elisabeth_Woodcock5071@zorer.org,Female,59.126.125.82
513,Nathan,Collingwood,Nathan_Collingwood1063@brety.org,Male,99.102.205.71
514,Janice,Osman,Janice_Osman4177@brety.org,Female,74.58.75.146
515,Naomi,Lowe,Naomi_Lowe6492@gompie.com,Female,183.129.186.231
516,Percy,Strong,Percy_Strong7201@extex.org,Male,201.205.11.138
517,Rachael,Rothwell,Rachael_Rothwell5418@guentu.biz,Female,125.16.199.173
518,Ronald,Clifford,Ronald_Clifford9161@womeona.net,Male,53.22.136.57
519,Hannah,Lane,Hannah_Lane8979@famism.biz,Female,95.7.111.137
520,Jamie,Logan,Jamie_Logan7521@qater.org,Female,74.162.192.84
521,Phillip,Thompson,Phillip_Thompson529@muall.tech,Male,232.5.49.215
522,Tess,Marshall,Tess_Marshall8198@yahoo.com,Female,117.102.124.247
523,Nick,Townend,Nick_Townend2402@jiman.org,Male,209.113.15.218
524,Ryan,Pratt,Ryan_Pratt2030@liret.org,Male,40.157.64.210
525,Sarah,Booth,Sarah_Booth5931@gompie.com,Female,54.92.184.5
526,Josh,Nobbs,Josh_Nobbs7821@irrepsy.com,Male,6.123.197.220
527,Nick,Roth,Nick_Roth3359@extex.org,Male,94.17.152.41
528,Paula,Jordan,Paula_Jordan6624@infotech44.tech,Female,159.9.172.148
529,Russel,Maxwell,Russel_Maxwell360@muall.tech,Male,108.140.188.173
530,Ron,Lambert,Ron_Lambert3884@elnee.tech,Male,99.127.151.39
531,Marvin,Matthews,Marvin_Matthews5591@acrit.org,Male,188.123.209.241
532,Thea,Clarke,Thea_Clarke1909@bretoux.com,Female,189.236.173.10
533,Harvey,Turner,Harvey_Turner9173@ubusive.com,Male,0.193.61.106
534,Carl,Wills,Carl_Wills5229@eirey.tech,Male,175.41.174.75
535,Nicole,Reese,Nicole_Reese7914@sheye.org,Female,221.166.21.120
536,Nick,Mitchell,Nick_Mitchell5510@nanoff.biz,Male,207.216.59.89
537,Priscilla,Little,Priscilla_Little4032@typill.biz,Female,139.72.239.225
538,Ryan,Crawley,Ryan_Crawley3864@hourpy.biz,Male,22.137.38.120
539,Sarah,Trent,Sarah_Trent7692@vetan.org,Female,78.227.89.189
540,Denis,Brooks,Denis_Brooks3345@bungar.biz,Male,177.83.247.249
541,Logan,Vane,Logan_Vane2015@gembat.biz,Male,56.110.184.32
542,John,Ramsey,John_Ramsey7632@gembat.biz,Male,78.121.200.38
543,Phillip,Archer,Phillip_Archer1959@twipet.com,Male,165.231.114.150
544,Abdul,Styles,Abdul_Styles1723@nanoff.biz,Male,161.120.142.101
545,Liam,Mcnally,Liam_Mcnally2219@bretoux.com,Male,36.42.29.237
546,Wade,Marshall,Wade_Marshall8196@corti.com,Male,165.132.234.201
547,Mara,Saunders,Mara_Saunders1322@naiker.biz,Female,181.134.152.170
548,Susan,Daniells,Susan_Daniells3885@deavo.com,Female,124.181.223.243
549,Jamie,Ellis,Jamie_Ellis5170@nickia.com,Female,56.190.172.131
550,Livia,Cameron,Livia_Cameron7687@hourpy.biz,Female,226.8.112.167
551,Tiffany,Andrews,Tiffany_Andrews4444@grannar.com,Female,77.38.28.225
552,Eduardo,Griffiths,Eduardo_Griffiths9672@cispeto.com,Male,133.119.119.166
553,Doug,Harvey,Doug_Harvey820@sheye.org,Male,72.37.143.147
554,Russel,Hale,Russel_Hale2180@ubusive.com,Male,233.88.244.145
555,Gil,Noon,Gil_Noon7910@acrit.org,Male,120.148.65.189
556,Tyson,Styles,Tyson_Styles7875@gembat.biz,Male,195.123.171.75
557,Cara,Mason,Cara_Mason5353@nanoff.biz,Female,170.108.160.217
558,Ethan,King,Ethan_King8972@hourpy.biz,Male,84.14.185.206
559,Johnathan,Mould,Johnathan_Mould8201@infotech44.tech,Male,226.123.254.174
560,Mona,Trent,Mona_Trent6624@sheye.org,Female,121.25.159.165
561,Robyn,Downing,Robyn_Downing4052@gompie.com,Female,233.170.243.215
562,Fred,Holmes,Fred_Holmes8656@cispeto.com,Male,68.196.143.220
563,Macy,Hammond,Macy_Hammond9443@ovock.tech,Female,128.215.34.42
564,Sonya,Kaur,Sonya_Kaur779@cispeto.com,Female,189.123.63.138
565,Wade,Walsh,Wade_Walsh1533@gmail.com,Male,171.205.38.165
566,Mayleen,Buckley,Mayleen_Buckley7591@hourpy.biz,Female,158.2.114.212
567,Gil,Leigh,Gil_Leigh7896@ovock.tech,Male,70.173.90.196
568,Mike,Blackwall,Mike_Blackwall232@corti.com,Male,167.69.147.197
569,Johnathan,Knight,Johnathan_Knight4872@sheye.org,Male,178.171.62.102
570,Jules,Gates,Jules_Gates4127@vetan.org,Female,175.187.51.70
571,Kieth,Yang,Kieth_Yang3812@twipet.com,Male,46.130.70.60
572,Sarah,Mcleod,Sarah_Mcleod6725@sheye.org,Female,95.11.5.195
573,Blake,Carter,Blake_Carter9533@muall.tech,Female,189.28.103.42
574,Carter,Glass,Carter_Glass3045@zorer.org,Male,62.79.52.39
575,Hank,Ashwell,Hank_Ashwell87@ovock.tech,Male,77.93.164.99
576,Catherine,Oliver,Catherine_Oliver4355@guentu.biz,Female,141.127.185.166
577,Leilani,Gilmour,Leilani_Gilmour1125@ubusive.com,Female,71.31.204.176
578,Gil,Thomson,Gil_Thomson8664@sheye.org,Male,53.109.2.226
579,Jacob,Edmonds,Jacob_Edmonds177@liret.org,Male,51.161.106.144
580,Matthew,Olson,Matthew_Olson5518@twipet.com,Male,21.72.173.104
581,Hank,Mcneill,Hank_Mcneill9540@joiniaa.com,Male,204.216.171.173
582,Sage,Knight,Sage_Knight8414@ubusive.com,Female,155.22.226.16
583,Catherine,Vallory,Catherine_Vallory2348@nanoff.biz,Female,122.73.149.212
584,Jade,Davies,Jade_Davies5987@supunk.biz,Female,208.130.156.89
585,Denny,Roth,Denny_Roth7373@irrepsy.com,Male,64.189.57.200
586,Kieth,Wilton,Kieth_Wilton6153@dionrab.com,Male,121.83.200.41
587,Evie,Wilson,Evie_Wilson8401@gompie.com,Female,96.227.112.46
588,Charlotte,John,Charlotte_John5357@vetan.org,Female,174.246.193.196
589,Mandy,Milner,Mandy_Milner7966@cispeto.com,Female,135.33.132.142
590,Rowan,Eddison,Rowan_Eddison4501@ovock.tech,Female,22.31.44.79
591,Freya,Rothwell,Freya_Rothwell437@sveldo.biz,Female,133.219.3.25
592,Emely,Purvis,Emely_Purvis148@nanoff.biz,Female,115.119.83.112
593,Elisabeth,Gray,Elisabeth_Gray8834@cispeto.com,Female,94.5.147.167
594,Benny,Veale,Benny_Veale4444@bauros.biz,Male,111.5.175.73
595,Caydence,Carpenter,Caydence_Carpenter4203@supunk.biz,Female,234.181.70.77
596,Chloe,Baxter,Chloe_Baxter7333@nickia.com,Female,251.106.135.234
597,Martha,Blackburn,Martha_Blackburn3549@gembat.biz,Female,181.32.66.137
598,Mona,Dubois,Mona_Dubois415@qater.org,Female,32.242.123.88
599,Carla,Alexander,Carla_Alexander2763@nanoff.biz,Female,195.15.195.250
600,Gabriel,Edwards,Gabriel_Edwards7664@elnee.tech,Male,99.195.53.204
601,Hailey,Brown,Hailey_Brown7369@deons.tech,Female,213.191.227.182
602,William,Morris,William_Morris1847@muall.tech,Male,192.1.49.239
603,Phillip,Jones,Phillip_Jones2788@guentu.biz,Male,240.3.154.190
604,Summer,Wallace,Summer_Wallace6822@guentu.biz,Female,54.2.48.24
605,Kate,Varndell,Kate_Varndell495@ubusive.com,Female,22.77.29.61
606,Nathan,Speed,Nathan_Speed2694@infotech44.tech,Male,110.43.215.227
607,Rocco,Rainford,Rocco_Rainford1446@atink.com,Male,74.63.73.43
608,Angelina,Samuel,Angelina_Samuel965@cispeto.com,Female,123.79.240.71
609,Owen,Oatway,Owen_Oatway3647@joiniaa.com,Male,201.120.180.25
610,Bart,Yard,Bart_Yard2984@infotech44.tech,Male,222.6.231.13
611,Alexander,Bennett,Alexander_Bennett9469@jiman.org,Male,144.121.194.40
612,Kendra,Snow,Kendra_Snow5625@naiker.biz,Female,235.198.188.242
613,Skylar,Marshall,Skylar_Marshall1893@twace.org,Female,148.131.30.228
614,Russel,Wood,Russel_Wood8877@ovock.tech,Male,159.242.26.206
615,Nicholas,Notman,Nicholas_Notman5498@naiker.biz,Male,207.153.130.126
616,Barney,Emmott,Barney_Emmott9594@grannar.com,Male,75.210.209.82
617,Deborah,Murray,Deborah_Murray8633@gembat.biz,Female,183.87.154.132
618,Grace,Barclay,Grace_Barclay9309@ubusive.com,Female,27.252.103.50
619,Chuck,Dann,Chuck_Dann6231@gembat.biz,Male,43.112.83.115
620,Morgan,Herbert,Morgan_Herbert7776@naiker.biz,Female,244.216.84.235
621,Peter,Noach,Peter_Noach9941@muall.tech,Male,105.90.161.96
622,Emery,Tate,Emery_Tate6224@tonsy.org,Female,11.186.166.94
623,John,Raven,John_Raven1499@grannar.com,Male,215.229.34.191
624,Leroy,Adler,Leroy_Adler4823@extex.org,Male,249.2.249.127
625,Skylar,Potts,Skylar_Potts9520@famism.biz,Female,97.129.147.194
626,Wade,Norman,Wade_Norman9592@liret.org,Male,116.216.113.150
627,Clint,Ianson,Clint_Ianson8821@atink.com,Male,164.238.160.138
628,Andie,Yates,Andie_Yates1506@bungar.biz,Female,119.15.23.225
629,Jennifer,Talbot,Jennifer_Talbot3742@liret.org,Female,15.178.62.16
630,Rachael,Abbey,Rachael_Abbey3902@iatim.tech,Female,152.236.203.234
631,Leanne,Faulkner,Leanne_Faulkner369@deavo.com,Female,120.11.5.94
632,Domenic,Stone,Domenic_Stone5626@bulaffy.com,Male,49.215.167.39
633,Adalie,Rixon,Adalie_Rixon5626@acrit.org,Female,120.92.131.5
634,Michael,Newton,Michael_Newton1752@zorer.org,Male,117.72.170.187
635,Matt,Groves,Matt_Groves8745@vetan.org,Male,95.0.120.27
636,Joseph,Hale,Joseph_Hale6428@qater.org,Male,191.80.176.199
637,Rita,Norburn,Rita_Norburn14@sveldo.biz,Female,35.147.177.175
638,Daniel,Swift,Daniel_Swift9208@iatim.tech,Male,67.208.244.139
639,Peter,Hilton,Peter_Hilton4103@twipet.com,Male,69.157.85.202
640,Leah,Bradley,Leah_Bradley8856@deavo.com,Female,123.173.197.174
641,Kurt,Dyson,Kurt_Dyson7833@famism.biz,Male,147.88.2.198
642,Eduardo,Cox,Eduardo_Cox1424@liret.org,Male,56.30.179.149
643,Clint,Collis,Clint_Collis9042@gembat.biz,Male,81.74.51.55
644,Rae,Quinton,Rae_Quinton2739@guentu.biz,Female,42.27.94.123
645,Emma,Baker,Emma_Baker5571@extex.org,Female,201.114.166.43
646,Sabina,Asher,Sabina_Asher1859@yahoo.com,Female,140.101.145.30
647,Adela,Nobbs,Adela_Nobbs7932@gembat.biz,Female,226.21.64.122
648,Livia,Bingham,Livia_Bingham2211@muall.tech,Female,232.175.234.170
649,Candace,Wood,Candace_Wood304@yahoo.com,Female,156.218.60.190
650,Abdul,Butler,Abdul_Butler2491@extex.org,Male,198.207.91.194
651,Mayleen,Norman,Mayleen_Norman1692@naiker.biz,Female,157.191.136.80
652,Kimberly,Emerson,Kimberly_Emerson9005@extex.org,Female,165.29.195.252
653,William,Broomfield,William_Broomfield5088@jiman.org,Male,148.127.59.1
654,Barney,Henderson,Barney_Henderson1563@fuliss.net,Male,171.119.60.242
655,Kimberly,Curtis,Kimberly_Curtis9218@cispeto.com,Female,73.161.65.92
656,Carla,Hardwick,Carla_Hardwick3684@atink.com,Female,219.175.226.46
657,Livia,Kent,Livia_Kent5280@gmail.com,Female,135.82.225.144
658,Shay,Faulkner,Shay_Faulkner8142@supunk.biz,Female,179.235.253.239
659,Tom,Rees,Tom_Rees8685@fuliss.net,Male,12.245.0.100
660,Ramon,Bailey,Ramon_Bailey535@kideod.biz,Male,86.203.141.97
661,Cassandra,Osman,Cassandra_Osman6906@joiniaa.com,Female,199.59.248.104
662,Iris,Knight,Iris_Knight9519@qater.org,Female,222.166.132.21
663,Benny,Jackson,Benny_Jackson4902@fuliss.net,Male,152.210.91.232
664,Noah,Judd,Noah_Judd6098@twace.org,Male,49.140.117.47
665,Harvey,Powell,Harvey_Powell5923@irrepsy.com,Male,74.160.49.231
666,Julius,Attwood,Julius_Attwood4675@bretoux.com,Male,163.66.174.111
667,Anthony,Rose,Anthony_Rose625@fuliss.net,Male,143.21.210.127
668,Carmen,Hall,Carmen_Hall3352@mafthy.com,Female,147.186.3.96
669,Eileen,Sherry,Eileen_Sherry4488@bretoux.com,Female,161.230.78.224
670,Helen,Radcliffe,Helen_Radcliffe221@infotech44.tech,Female,239.235.150.119
671,Elijah,Graham,Elijah_Graham6944@grannar.com,Male,126.239.224.9
672,Noah,Parr,Noah_Parr3068@bauros.biz,Male,83.108.192.72
673,Carla,Gonzales,Carla_Gonzales9435@naiker.biz,Female,116.43.94.10
674,Phillip,Briggs,Phillip_Briggs5456@bretoux.com,Male,42.238.228.5
675,Johnathan,Chadwick,Johnathan_Chadwick2716@gembat.biz,Male,175.142.66.181
676,Evie,Varndell,Evie_Varndell3074@deons.tech,Female,110.219.233.34
677,Johnny,Purvis,Johnny_Purvis8388@deavo.com,Male,196.178.252.73
678,Nathan,Summers,Nathan_Summers7322@dionrab.com,Male,162.128.185.247
679,Emmanuelle,Holmes,Emmanuelle_Holmes6603@hourpy.biz,Female,123.212.115.233
680,Daron,Wade,Daron_Wade7601@tonsy.org,Male,31.46.142.52
681,Thea,Purvis,Thea_Purvis9747@iatim.tech,Female,250.111.62.104
682,Carter,Ross,Carter_Ross9436@joiniaa.com,Male,106.231.3.230
683,Eduardo,Vangness,Eduardo_Vangness741@eirey.tech,Male,93.196.136.42
684,Russel,Emmett,Russel_Emmett5213@bungar.biz,Male,83.237.8.254
685,Bart,Rogers,Bart_Rogers447@atink.com,Male,44.20.91.67
686,Sharon,Varndell,Sharon_Varndell6560@nickia.com,Female,188.126.185.215
687,Elijah,Rowan,Elijah_Rowan816@qater.org,Male,250.155.3.167
688,Chris,Vollans,Chris_Vollans136@dionrab.com,Male,89.51.234.34
689,Jayden,Redden,Jayden_Redden2716@nimogy.biz,Male,72.73.214.211
690,Alexander,Goldsmith,Alexander_Goldsmith1883@womeona.net,Male,37.128.49.216
691,Eden,Rowlands,Eden_Rowlands7009@nickia.com,Female,86.40.148.51
692,Meredith,Robinson,Meredith_Robinson5924@eirey.tech,Female,202.160.100.128
693,Johnathan,Whitmore,Johnathan_Whitmore1832@muall.tech,Male,71.174.121.115
694,Paula,Harris,Paula_Harris729@fuliss.net,Female,56.181.155.178
695,Carl,Haines,Carl_Haines6416@dionrab.com,Male,65.156.240.92
696,Clint,Drummond,Clint_Drummond6931@hourpy.biz,Male,203.225.13.227
697,Phillip,Groves,Phillip_Groves1300@zorer.org,Male,134.127.149.52
698,Miley,Utterson,Miley_Utterson6935@corti.com,Female,251.32.26.45
699,Caydence,Wallace,Caydence_Wallace1138@iatim.tech,Female,187.80.62.144
700,Bryon,Wilde,Bryon_Wilde7152@extex.org,Male,114.147.197.44
701,Joseph,Stevens,Joseph_Stevens7365@joiniaa.com,Male,126.106.49.238
702,Caydence,Hall,Caydence_Hall8728@supunk.biz,Female,233.144.128.13
703,Barry,Oldfield,Barry_Oldfield206@infotech44.tech,Male,106.77.178.38
704,Lucas,Stewart,Lucas_Stewart9304@liret.org,Male,164.1.179.224
705,Mara,Carter,Mara_Carter3124@sveldo.biz,Female,142.201.84.243
706,Kirsten,Nicolas,Kirsten_Nicolas7203@fuliss.net,Female,127.1.196.201
707,Maxwell,Oliver,Maxwell_Oliver459@corti.com,Male,80.216.162.160
708,Marina,Gibbons,Marina_Gibbons6244@brety.org,Female,24.240.230.100
709,Mary,Howard,Mary_Howard7461@deavo.com,Female,86.161.235.129
710,Anabelle,Farrant,Anabelle_Farrant9140@grannar.com,Female,153.18.209.19
711,Olivia,Bryson,Olivia_Bryson7048@gompie.com,Female,4.114.250.39
712,Gemma,Campbell,Gemma_Campbell3778@brety.org,Female,56.247.84.235
713,Julius,Ward,Julius_Ward1313@gmail.com,Male,172.241.18.156
714,Lynn,Carpenter,Lynn_Carpenter8284@twace.org,Female,121.68.46.48
715,Josh,Snell,Josh_Snell7719@zorer.org,Male,138.218.46.217
716,Benjamin,Wallace,Benjamin_Wallace8987@gmail.com,Male,200.5.84.207
717,Henry,Ashley,Henry_Ashley3714@bulaffy.com,Male,111.69.61.98
718,Anthony,Whinter,Anthony_Whinter1422@gmail.com,Male,8.38.65.172
719,Harvey,Matthews,Harvey_Matthews2213@deavo.com,Male,71.56.116.143
720,Russel,Wilson,Russel_Wilson3707@ubusive.com,Male,131.70.222.67
721,Alessandra,James,Alessandra_James7970@iatim.tech,Female,214.152.132.142
722,Martin,Moran,Martin_Moran6537@vetan.org,Male,78.39.168.71
723,Barry,Tyler,Barry_Tyler6783@hourpy.biz,Male,4.106.204.231
724,Joseph,Coates,Joseph_Coates9937@joiniaa.com,Male,52.247.151.193
725,Cynthia,Rose,Cynthia_Rose8994@yahoo.com,Female,176.71.195.78
726,Chadwick,Myatt,Chadwick_Myatt5912@bungar.biz,Male,116.238.248.220
727,Havana,Wise,Havana_Wise6124@eirey.tech,Female,91.196.60.169
728,Bryon,Mcneill,Bryon_Mcneill9031@corti.com,Male,131.233.167.229
729,Jules,Wellington,Jules_Wellington4942@brety.org,Female,35.175.14.95
730,Brad,Mitchell,Brad_Mitchell7288@hourpy.biz,Male,225.22.163.60
731,Carter,Brett,Carter_Brett1037@corti.com,Male,203.181.23.73
732,Michael,Coates,Michael_Coates725@naiker.biz,Male,197.77.222.80
733,Mason,Hunter,Mason_Hunter8591@nanoff.biz,Male,87.212.19.37
734,Tyson,Adams,Tyson_Adams4169@ubusive.com,Male,175.139.2.231
735,Tyson,Evans,Tyson_Evans7695@qater.org,Male,251.235.239.160
736,Christy,Donovan,Christy_Donovan3264@mafthy.com,Female,54.47.235.235
737,Doug,Chapman,Doug_Chapman9461@womeona.net,Male,68.220.188.164
738,Alan,Squire,Alan_Squire9632@nanoff.biz,Male,18.239.2.60
739,Chelsea,Douglas,Chelsea_Douglas4477@gompie.com,Female,53.241.209.111
740,Martha,Scott,Martha_Scott875@elnee.tech,Female,202.166.61.190
741,Britney,Logan,Britney_Logan2936@sveldo.biz,Female,74.64.38.97
742,John,Swift,John_Swift6880@acrit.org,Male,18.47.96.89
743,Carmen,Vaughn,Carmen_Vaughn3019@deavo.com,Female,155.51.138.254
744,Luke,Mooney,Luke_Mooney2627@grannar.com,Male,59.153.83.56
745,Anthony,Veale,Anthony_Veale4408@vetan.org,Male,82.238.187.89
746,Oliver,Adams,Oliver_Adams8888@qater.org,Male,20.225.148.28
747,Dasha,Hunter,Dasha_Hunter1517@ovock.tech,Female,146.233.32.230
748,Allison,Carson,Allison_Carson1574@irrepsy.com,Female,134.153.176.13
749,Ron,Ebbs,Ron_Ebbs1910@guentu.biz,Male,37.206.103.52
750,Nate,Taylor,Nate_Taylor2169@corti.com,Male,62.163.122.51
751,Lucas,May,Lucas_May8295@cispeto.com,Male,190.29.107.234
752,Peter,Cunningham,Peter_Cunningham5292@elnee.tech,Male,158.132.65.36
753,Emerald,King,Emerald_King9230@womeona.net,Female,114.163.171.172
754,Josh,Carpenter,Josh_Carpenter4912@infotech44.tech,Male,222.162.172.66
755,William,Evans,William_Evans4876@gmail.com,Male,40.124.201.107
756,Mya,Brown,Mya_Brown3379@ovock.tech,Female,229.224.74.6
757,David,Long,David_Long7433@liret.org,Male,91.178.143.38
758,Aleksandra,Dempsey,Aleksandra_Dempsey9942@dionrab.com,Female,94.5.138.165
759,Doug,Tanner,Doug_Tanner2515@cispeto.com,Male,126.199.140.164
760,Thea,Devonport,Thea_Devonport6498@dionrab.com,Female,150.165.65.111
761,Nick,Brooks,Nick_Brooks6416@liret.org,Male,225.100.67.182
762,Josh,Yoman,Josh_Yoman6434@nimogy.biz,Male,64.48.60.67
763,Ryan,Burge,Ryan_Burge9144@sheye.org,Male,162.49.233.27
764,Mya,Gunn,Mya_Gunn1090@sveldo.biz,Female,8.53.5.81
765,David,Sinclair,David_Sinclair8355@nimogy.biz,Male,166.179.242.218
766,Alma,Goodman,Alma_Goodman9920@extex.org,Female,79.3.221.7
767,Cadence,Connell,Cadence_Connell1561@dionrab.com,Female,30.58.133.212
768,Angelique,Varndell,Angelique_Varndell9177@tonsy.org,Female,14.80.55.71
769,Helen,Rees,Helen_Rees605@supunk.biz,Female,80.196.30.42
770,Payton,Vince,Payton_Vince9898@sheye.org,Female,160.92.193.120
771,Havana,Shaw,Havana_Shaw1193@nickia.com,Female,58.125.205.166
772,Rosalee,Rigg,Rosalee_Rigg5857@irrepsy.com,Female,114.106.194.214
773,Denny,Huggins,Denny_Huggins3573@jiman.org,Male,178.45.37.202
774,Chanelle,Nash,Chanelle_Nash7434@bulaffy.com,Female,192.31.100.183
775,Rocco,Roth,Rocco_Roth4665@jiman.org,Male,56.193.130.38
776,Barry,Fenton,Barry_Fenton9178@gompie.com,Male,79.209.215.125
777,Deborah,Keys,Deborah_Keys137@ovock.tech,Female,112.13.172.90
778,Johnny,Utterson,Johnny_Utterson409@hourpy.biz,Male,99.164.21.181
779,Melania,Lane,Melania_Lane9964@qater.org,Female,24.162.45.226
780,Jolene,Skinner,Jolene_Skinner9043@bauros.biz,Female,122.241.134.19
781,Gwenyth,Rivers,Gwenyth_Rivers1571@twipet.com,Female,49.142.21.121
782,Caydence,Collingwood,Caydence_Collingwood1312@womeona.net,Female,97.88.41.113
783,Erick,Boyle,Erick_Boyle7907@womeona.net,Male,11.29.74.224
784,Chad,Harrington,Chad_Harrington89@mafthy.com,Male,219.130.180.59
785,Bob,Nash,Bob_Nash7023@eirey.tech,Male,49.37.93.183
786,Rachael,Fox,Rachael_Fox824@infotech44.tech,Female,74.73.157.92
787,Rhea,Pope,Rhea_Pope2021@zorer.org,Female,140.185.136.191
788,Hayden,Lakey,Hayden_Lakey9297@twace.org,Male,63.43.137.101
789,Irene,Bingham,Irene_Bingham5739@bretoux.com,Female,166.9.8.70
790,Ruth,Douglas,Ruth_Douglas3451@nickia.com,Female,69.89.212.15
791,Juliette,Cadman,Juliette_Cadman6156@grannar.com,Female,125.218.240.105
792,Percy,Osman,Percy_Osman2211@iatim.tech,Male,83.176.228.99
793,Cassidy,Powell,Cassidy_Powell2594@eirey.tech,Female,247.75.68.232
794,Mabel,Morley,Mabel_Morley4791@typill.biz,Female,74.34.6.153
795,Kurt,Coleman,Kurt_Coleman6200@gembat.biz,Male,209.171.182.252
796,Madelyn,Dillon,Madelyn_Dillon4427@cispeto.com,Female,197.89.91.243
797,Camden,Roman,Camden_Roman330@twace.org,Female,199.69.106.92
798,Maxwell,Lane,Maxwell_Lane2952@joiniaa.com,Male,108.19.12.224
799,Adalind,Morgan,Adalind_Morgan2772@fuliss.net,Female,111.228.244.185
800,Nicole,Larkin,Nicole_Larkin670@zorer.org,Female,53.14.126.9
801,Scarlett,Page ,Scarlett_Page 3554@vetan.org,Female,231.41.9.198
802,Chanelle,Bolton,Chanelle_Bolton4802@tonsy.org,Female,157.79.5.104
803,Leslie,Richardson,Leslie_Richardson6873@zorer.org,Female,107.153.109.156
804,Chadwick,Norton,Chadwick_Norton101@twipet.com,Male,10.56.170.77
805,John,Rowe,John_Rowe1800@dionrab.com,Male,162.74.224.109
806,Irene,Murray,Irene_Murray865@bretoux.com,Female,61.145.124.43
807,Daron,Upsdell,Daron_Upsdell4245@eirey.tech,Male,30.74.49.246
808,Molly,Griffiths,Molly_Griffiths7165@vetan.org,Female,7.33.155.18
809,Carl,Heaton,Carl_Heaton9971@elnee.tech,Male,84.125.179.147
810,Allison,Collingwood,Allison_Collingwood4971@yahoo.com,Female,138.110.237.202
811,Erin,Steer,Erin_Steer9141@yahoo.com,Female,65.81.121.216
812,Aeris,Adams,Aeris_Adams4133@gmail.com,Female,149.187.251.157
813,Adina,Rogers,Adina_Rogers6162@extex.org,Female,167.37.177.28
814,Willow,Bennett,Willow_Bennett8139@supunk.biz,Female,7.205.245.167
815,Janelle,Raven,Janelle_Raven8544@guentu.biz,Female,129.82.32.220
816,Erick,Todd,Erick_Todd3111@hourpy.biz,Male,193.123.236.28
817,David,Parker,David_Parker3645@bungar.biz,Male,230.37.3.233
818,Enoch,Gonzales,Enoch_Gonzales3297@eirey.tech,Male,157.186.182.29
819,Noemi,Moore,Noemi_Moore8322@gembat.biz,Female,38.227.248.90
820,Angelica,Lane,Angelica_Lane8492@womeona.net,Female,98.165.234.208
821,Chadwick,Thorpe,Chadwick_Thorpe2145@brety.org,Male,8.29.16.228
822,Gabriel,Matthews,Gabriel_Matthews8125@nimogy.biz,Male,23.201.40.211
823,Kate,Miller,Kate_Miller6607@liret.org,Female,229.236.203.250
824,Doug,Tyler,Doug_Tyler9002@atink.com,Male,6.204.24.19
825,Sabrina,Gordon,Sabrina_Gordon799@bungar.biz,Female,199.17.39.189
826,Willow,Whitehouse,Willow_Whitehouse880@guentu.biz,Female,47.165.253.39
827,David,Anderson,David_Anderson825@ubusive.com,Male,54.220.169.163
828,Jayden,Powell,Jayden_Powell848@bauros.biz,Male,48.23.187.141
829,Alexander,Rehman,Alexander_Rehman563@typill.biz,Male,122.185.4.49
830,Jacob,Kidd,Jacob_Kidd9423@qater.org,Male,181.189.190.118
831,Celia,Bentley,Celia_Bentley5143@infotech44.tech,Female,229.102.84.250
832,Barney,Jefferson,Barney_Jefferson4375@acrit.org,Male,85.67.69.93
833,Jamie,Harvey,Jamie_Harvey4722@sheye.org,Female,122.191.61.200
834,Chad,Watt,Chad_Watt2691@sveldo.biz,Male,109.65.20.237
835,Henry,James,Henry_James354@elnee.tech,Male,118.94.150.114
836,Victoria,Gaynor,Victoria_Gaynor3776@corti.com,Female,17.236.189.150
837,Marvin,Ralph,Marvin_Ralph5467@naiker.biz,Male,190.164.85.119
838,Henry,Butler,Henry_Butler3409@twipet.com,Male,23.207.11.254
839,Aeris,Yard,Aeris_Yard7917@atink.com,Female,248.247.199.35
840,Michelle,Lomax,Michelle_Lomax4874@womeona.net,Female,232.216.61.28
841,Rocco,Gates,Rocco_Gates1191@corti.com,Male,67.33.19.148
842,Zara,Needham,Zara_Needham7466@nickia.com,Female,250.94.101.14
843,Enoch,Carson,Enoch_Carson1940@muall.tech,Male,143.177.207.96
844,Elisabeth,Stark,Elisabeth_Stark9332@infotech44.tech,Female,17.11.79.150
845,Felicity,Hood,Felicity_Hood1991@jiman.org,Female,156.195.207.59
846,Michael,Bradshaw,Michael_Bradshaw1848@sheye.org,Male,245.215.118.3
847,Destiny,Anderson,Destiny_Anderson7002@mafthy.com,Female,174.242.198.146
848,Eduardo,Russell,Eduardo_Russell8070@mafthy.com,Male,225.168.236.23
849,Kurt,Chapman,Kurt_Chapman5780@elnee.tech,Male,202.98.43.182
850,Analise,Morgan,Analise_Morgan2954@mafthy.com,Female,133.49.154.163
851,Carla,Grady,Carla_Grady2393@fuliss.net,Female,122.164.152.66
852,Joyce,Preston,Joyce_Preston3755@nanoff.biz,Female,175.188.67.36
853,Mark,Dubois,Mark_Dubois654@kideod.biz,Male,91.195.55.174
854,Johnathan,Cox,Johnathan_Cox2834@gembat.biz,Male,205.163.144.110
855,Kenzie,Whinter,Kenzie_Whinter9104@acrit.org,Female,78.51.33.98
856,Remy,Brooks,Remy_Brooks4637@typill.biz,Female,224.235.203.2
857,Fred,Bright,Fred_Bright9143@jiman.org,Male,62.161.41.249
858,Bart,Miller,Bart_Miller8318@nanoff.biz,Male,129.222.184.155
859,Rylee,Collins,Rylee_Collins8317@irrepsy.com,Female,194.150.119.161
860,Josh,Thatcher,Josh_Thatcher5577@naiker.biz,Male,185.222.161.168
861,Ron,Nurton,Ron_Nurton1514@extex.org,Male,155.24.74.34
862,Marie,Patel,Marie_Patel1871@bretoux.com,Female,19.151.112.19
863,Caitlyn,Yard,Caitlyn_Yard5306@nickia.com,Female,51.156.12.232
864,Vivian,Victor,Vivian_Victor597@yahoo.com,Female,28.123.216.78
865,Marla,Wigley,Marla_Wigley3343@gompie.com,Female,173.167.61.74
866,Tony,Kaur,Tony_Kaur5569@bauros.biz,Male,129.130.122.118
867,Kieth,Bell,Kieth_Bell3816@tonsy.org,Male,195.36.41.74
868,Naomi,Davies,Naomi_Davies1341@corti.com,Female,90.211.247.94
869,Adeline,Gavin,Adeline_Gavin7559@brety.org,Female,52.173.80.23
870,Cameron,Dann,Cameron_Dann3846@acrit.org,Female,157.233.38.32
871,Kaylee,Palmer,Kaylee_Palmer9469@bulaffy.com,Female,98.75.18.125
872,Carol,Oswald,Carol_Oswald1105@iatim.tech,Female,158.74.166.93
873,Roger,Gordon,Roger_Gordon733@sheye.org,Male,149.92.201.226
874,Lana,Button,Lana_Button8442@hourpy.biz,Female,12.108.215.35
875,Marina,Cowan,Marina_Cowan8230@cispeto.com,Female,16.227.193.235
876,Carmen,Wilson,Carmen_Wilson7834@guentu.biz,Female,181.107.43.34
877,Gabriel,King,Gabriel_King1837@qater.org,Male,253.177.69.82
878,Maxwell,Brown,Maxwell_Brown5140@bungar.biz,Male,121.0.142.238
879,Adelaide,Rossi,Adelaide_Rossi8644@bulaffy.com,Female,44.228.241.99
880,Benjamin,Torres,Benjamin_Torres7095@twace.org,Male,102.108.246.96
881,Chadwick,Reid,Chadwick_Reid4375@grannar.com,Male,222.191.217.146
882,Hanna,Gibbons,Hanna_Gibbons2331@elnee.tech,Female,107.163.69.138
883,Barney,Bowen,Barney_Bowen8823@brety.org,Male,238.188.96.132
884,Bart,Murray,Bart_Murray1821@deons.tech,Male,18.41.78.32
885,Havana,Watson,Havana_Watson3727@joiniaa.com,Female,195.6.73.210
886,Joseph,Reynolds,Joseph_Reynolds4250@joiniaa.com,Male,158.188.179.208
887,Tony,Judd,Tony_Judd3330@muall.tech,Male,171.173.36.19
888,Harmony,Denton,Harmony_Denton1457@sveldo.biz,Female,12.95.118.218
889,Bethany,Darcy,Bethany_Darcy5529@womeona.net,Female,228.155.195.86
890,Bryon,Thompson,Bryon_Thompson4921@jiman.org,Male,13.181.183.126
891,Roger,Chapman,Roger_Chapman2110@mafthy.com,Male,107.2.81.223
892,Sebastian,Attwood,Sebastian_Attwood8461@qater.org,Male,174.208.204.125
893,Gil,Tyrrell,Gil_Tyrrell8047@acrit.org,Male,203.214.220.204
894,Bryon,Greenwood,Bryon_Greenwood9666@muall.tech,Male,8.61.245.203
895,Leslie,Squire,Leslie_Squire8907@iatim.tech,Female,15.156.165.87
896,Fiona,Waterson,Fiona_Waterson2260@irrepsy.com,Female,45.19.219.175
897,Rosie,Johnson,Rosie_Johnson5214@supunk.biz,Female,149.78.49.245
898,Chad,Cavanagh,Chad_Cavanagh39@bauros.biz,Male,197.5.42.222
899,Hank,Larsen,Hank_Larsen5218@tonsy.org,Male,109.109.127.130
900,Anthony,Richards,Anthony_Richards2766@zorer.org,Male,189.195.127.70
901,Raquel,Tate,Raquel_Tate6865@kideod.biz,Female,96.230.120.83
902,Chester,Waterson,Chester_Waterson9871@qater.org,Male,98.158.86.36
903,Cara,Kidd,Cara_Kidd6847@eirey.tech,Female,15.147.35.151
904,Marie,Malone,Marie_Malone8893@extex.org,Female,194.129.20.1
905,Marjorie,Wilkinson,Marjorie_Wilkinson1722@atink.com,Female,11.100.110.29
906,Britney,Bright,Britney_Bright3569@acrit.org,Female,239.187.110.125
907,Morgan,Forester,Morgan_Forester8783@bungar.biz,Female,161.5.1.191
908,Liam,Oswald,Liam_Oswald3358@jiman.org,Male,50.162.138.179
909,Mason,Nobbs,Mason_Nobbs223@hourpy.biz,Male,147.42.139.62
910,Ember,Webster,Ember_Webster5892@guentu.biz,Female,192.20.62.199
911,Ember,Brown,Ember_Brown6802@twace.org,Female,149.23.21.238
912,Joyce,Harrison,Joyce_Harrison7298@mafthy.com,Female,167.190.14.166
913,Nick,John,Nick_John7617@vetan.org,Male,204.242.113.51
914,Carissa,James,Carissa_James7613@naiker.biz,Female,71.118.227.237
915,Chris,Rivers,Chris_Rivers6116@deavo.com,Male,212.88.254.114
916,Janelle,Stevens,Janelle_Stevens5894@extex.org,Female,140.159.20.43
917,Vivian,Turner,Vivian_Turner8837@twipet.com,Female,231.109.241.182
918,Hank,Tanner,Hank_Tanner1254@infotech44.tech,Male,98.219.13.191
919,Russel,Shea,Russel_Shea9968@naiker.biz,Male,24.205.194.85
920,Phillip,Martin,Phillip_Martin7251@hourpy.biz,Male,214.49.84.74
921,Lorraine,Addley,Lorraine_Addley2825@twipet.com,Female,40.229.159.180
922,Julius,Speed,Julius_Speed3271@famism.biz,Male,174.165.24.162
923,David,Lane,David_Lane6113@supunk.biz,Male,204.32.72.232
924,Camden,Leigh,Camden_Leigh7589@typill.biz,Female,14.170.181.143
925,Maxwell,Shaw,Maxwell_Shaw551@jiman.org,Male,21.15.173.52
926,Celina,Campbell,Celina_Campbell6951@infotech44.tech,Female,187.201.226.198
927,William,Irving,William_Irving7141@eirey.tech,Male,40.207.131.82
928,Kate,Strong,Kate_Strong5320@atink.com,Female,235.156.86.193
929,Matthew,Parsons,Matthew_Parsons795@grannar.com,Male,23.213.200.249
930,Brad,Hall,Brad_Hall9351@atink.com,Male,148.118.203.102
931,Alessandra,Amstead,Alessandra_Amstead3584@iatim.tech,Female,64.144.138.216
932,Carissa,Bradshaw,Carissa_Bradshaw1293@acrit.org,Female,149.136.44.254
933,Carmen,Hastings,Carmen_Hastings5365@ubusive.com,Female,60.0.99.178
934,Russel,Samuel,Russel_Samuel9370@twipet.com,Male,50.22.114.47
935,Caleb,Cattell,Caleb_Cattell9381@dionrab.com,Male,208.165.147.119
936,Tyler,Cattell,Tyler_Cattell8031@iatim.tech,Male,61.2.5.82
937,Daria,Shaw,Daria_Shaw8448@bretoux.com,Female,77.130.215.51
938,Martha,Anderson,Martha_Anderson9878@extex.org,Female,7.22.119.119
939,Logan,Lynn,Logan_Lynn9202@hourpy.biz,Male,42.3.79.34
940,Maxwell,Milner,Maxwell_Milner1266@dionrab.com,Male,88.113.160.156
941,Daron,Salt,Daron_Salt3778@extex.org,Male,246.77.206.94
942,Chester,Andersson,Chester_Andersson5541@hourpy.biz,Male,211.66.2.208
943,Mark,Patel,Mark_Patel7096@twipet.com,Male,111.244.234.61
944,Logan,Allcott,Logan_Allcott8566@bulaffy.com,Male,198.11.236.119
945,Hayden,Patel,Hayden_Patel9399@fuliss.net,Male,166.129.74.136
946,Roger,Carter,Roger_Carter8132@ubusive.com,Male,27.24.21.180
947,Ronald,Ranks,Ronald_Ranks5720@irrepsy.com,Male,177.173.165.165
948,Bryce,Henderson,Bryce_Henderson5419@twipet.com,Female,23.66.177.136
949,Jade,Appleton,Jade_Appleton3846@bretoux.com,Female,37.164.135.162
950,Georgia,Ward,Georgia_Ward2192@grannar.com,Female,121.160.121.121
951,Chuck,Gibbons,Chuck_Gibbons6422@naiker.biz,Male,192.227.132.230
952,Paula,Addley,Paula_Addley5483@dionrab.com,Female,87.254.64.163
953,Tyler,Bryson,Tyler_Bryson132@gompie.com,Male,211.28.0.197
954,Nick,Healy,Nick_Healy2200@irrepsy.com,Male,16.5.153.47
955,Leroy,King,Leroy_King6279@kideod.biz,Male,72.104.35.137
956,Camellia,Ashley,Camellia_Ashley8328@deons.tech,Female,209.216.17.182
957,Owen,Clayton,Owen_Clayton7449@ovock.tech,Male,15.45.18.107
958,Carmen,Antcliff,Carmen_Antcliff676@gompie.com,Female,236.133.141.87
959,Luke,Howard,Luke_Howard4591@vetan.org,Male,22.242.33.118
960,Rebecca,Downing,Rebecca_Downing8835@guentu.biz,Female,91.96.171.189
961,David,Morley,David_Morley7206@vetan.org,Male,20.78.65.242
962,Mark,Cattell,Mark_Cattell7238@bungar.biz,Male,171.110.36.124
963,Percy,Hardwick,Percy_Hardwick6062@mafthy.com,Male,93.131.47.38
964,Angelica,Hobson,Angelica_Hobson8111@nanoff.biz,Female,20.63.217.191
965,Mike,Powell,Mike_Powell1796@supunk.biz,Male,235.58.242.253
966,Jade,Taylor,Jade_Taylor1846@twace.org,Female,14.186.35.226
967,Benny,Carpenter,Benny_Carpenter1050@nanoff.biz,Male,113.122.139.64
968,Tyson,Cooper,Tyson_Cooper3933@sveldo.biz,Male,105.221.57.10
969,Charlize,Rosenbloom,Charlize_Rosenbloom1921@supunk.biz,Female,79.169.176.29
970,Nate,Farrow,Nate_Farrow9632@jiman.org,Male,168.150.0.215
971,Leanne,Button,Leanne_Button6993@tonsy.org,Female,87.215.21.71
972,Hank,King,Hank_King957@deons.tech,Male,0.236.179.84
973,Enoch,Neville,Enoch_Neville4319@iatim.tech,Male,78.157.33.70
974,Rocco,Addis,Rocco_Addis3802@ovock.tech,Male,115.220.0.17
975,Nick,Price,Nick_Price4117@irrepsy.com,Male,214.4.220.232
976,Boris,Sheldon,Boris_Sheldon6705@vetan.org,Male,166.63.18.186
977,Julian,Vernon,Julian_Vernon8064@deons.tech,Male,81.32.37.191
978,Charlize,Dixon,Charlize_Dixon6363@hourpy.biz,Female,50.96.244.48
979,Stacy,Yates,Stacy_Yates2180@kideod.biz,Female,240.50.194.161
980,Rihanna,Ellis,Rihanna_Ellis2734@famism.biz,Female,192.197.79.167
981,Winnie,Kerr,Winnie_Kerr1158@fuliss.net,Female,205.63.215.218
982,Monica,Cattell,Monica_Cattell8839@sveldo.biz,Female,248.126.89.166
983,Britney,Becker,Britney_Becker5128@famism.biz,Female,87.166.150.12
984,Tyson,Rowlands,Tyson_Rowlands3016@dionrab.com,Male,107.162.51.196
985,Kamila,Stewart,Kamila_Stewart9064@cispeto.com,Female,232.231.40.80
986,Leroy,Hammond,Leroy_Hammond6619@naiker.biz,Male,89.90.15.82
987,Chester,Atkinson,Chester_Atkinson7963@qater.org,Male,53.252.207.53
988,Bryon,Cattell,Bryon_Cattell5819@fuliss.net,Male,196.116.253.161
989,Jack,Roberts,Jack_Roberts2727@eirey.tech,Male,254.102.132.19
990,Ally,Saunders,Ally_Saunders8804@elnee.tech,Female,8.141.14.210
991,Candice,Dowson,Candice_Dowson9510@fuliss.net,Female,246.214.165.152
992,Cedrick,Wheeler,Cedrick_Wheeler4256@grannar.com,Male,169.98.141.26
993,Gladys,Ripley,Gladys_Ripley7361@muall.tech,Female,193.105.39.134
994,Barry,Bentley,Barry_Bentley1714@elnee.tech,Male,86.137.67.197
995,Chester,Dale,Chester_Dale9219@qater.org,Male,179.38.86.132
996,Selena,Chester,Selena_Chester9530@twace.org,Female,115.91.75.195
997,Diane,Stevens,Diane_Stevens1233@kideod.biz,Female,125.48.0.173
998,Carl,Rodwell,Carl_Rodwell7814@ubusive.com,Male,13.139.225.253
999,Teagan,Duvall,Teagan_Duvall6346@deavo.com,Female,54.114.11.3
1000,Ramon,Little,Ramon_Little4943@dionrab.com,Male,119.160.120.215

