id,first_name,last_name,email,gender,ip_address
1,Rhetta,Cochrane,rcochrane0@unesco.org,Female,228.29.19.148
2,Virge,Bulled,vbulled1@prnewswire.com,Male,77.127.253.218
3,Lorilee,Derrett,lderrett2@wikipedia.org,Female,67.25.160.1
4,Thor,Dudney,tdudney3@webs.com,Male,91.74.252.231
5,Reta,Delgado,rdelgado4@java.com,Female,115.135.85.59
6,Dorri,Timmermann,dtimmermann5@cargocollective.com,Female,14.107.126.106
7,Shellie,Boldock,sboldock6@npr.org,Female,15.254.136.228
8,Steffi,Petheridge,spetheridge7@accuweather.com,Female,211.251.225.66
9,Fernando,Bakey,fbakey8@dedecms.com,Male,50.171.112.154
10,Cris,Snowball,csnowball9@pen.io,Female,55.141.220.133
11,Kit,Pickavance,kpickavancea@google.com.hk,Male,40.190.189.22
12,Abran,Brecon,abreconb@nih.gov,Male,183.249.76.44
13,Phil,Cobby,pcobbyc@rambler.ru,Male,251.103.49.253
14,Dallon,Worsnup,dworsnupd@netlog.com,Male,73.74.83.59
15,Archaimbaud,Del Monte,adelmontee@mozilla.com,Male,131.92.199.180
16,Jordan,Cusiter,jcusiterf@shop-pro.jp,Female,32.116.218.98
17,Emalee,Vedeneev,evedeneevg@engadget.com,Female,62.62.253.34
18,Garnet,Janu,gjanuh@bigcartel.com,Female,22.96.123.92
19,Alison,Higgan,ahiggani@yahoo.co.jp,Female,134.239.153.247
20,Morty,Haney`,mhaneyj@yelp.com,Male,101.87.249.72
21,Almeta,Lethbury,alethburyk@ibm.com,Female,107.137.180.91
22,Ofelia,Lansdowne,olansdownel@jigsy.com,Female,57.66.219.88
23,Peder,Tupling,ptuplingm@a8.net,Male,14.54.12.159
24,Chandal,Marco,cmarcon@hugedomains.com,Female,46.101.114.76
25,Guglielmo,Bambra,gbambrao@theatlantic.com,Male,138.159.72.121
26,Gabi,Goddert.sf,ggoddertsfp@php.net,Female,227.24.161.224
27,Fitz,Decent,fdecentq@mit.edu,Male,6.148.191.150
28,Steffie,Puckring,spuckringr@t-online.de,Female,252.115.208.145
29,Vinson,Milthorpe,vmilthorpes@joomla.org,Male,244.234.15.89
30,Audrie,Maplethorpe,amaplethorpet@godaddy.com,Female,100.119.90.26
31,Ty,Lammiman,tlammimanu@fotki.com,Male,109.125.28.246
32,Ruperta,Glennard,rglennardv@weather.com,Female,149.174.168.100
33,Dane,Hasell,dhasellw@whitehouse.gov,Male,213.225.78.239
34,Berkly,Theseira,btheseirax@godaddy.com,Male,183.165.3.83
35,Valaree,Tabour,vtaboury@wp.com,Female,207.42.121.78
36,Kippie,Helm,khelmz@disqus.com,Female,54.155.145.245
37,Nelson,Stains,nstains10@bigcartel.com,Male,250.55.120.234
38,Salmon,Barnewelle,sbarnewelle11@chron.com,Male,251.111.73.16
39,Diann,Whereat,dwhereat12@nasa.gov,Female,169.42.127.218
40,Betta,Brabham,bbrabham13@ucoz.com,Female,227.162.25.211
41,Bruce,Albery,balbery14@twitpic.com,Male,141.65.52.209
42,Marty,Delbergue,mdelbergue15@wsj.com,Male,77.76.13.8
43,Mike,Alves,malves16@liveinternet.ru,Male,203.124.245.151
44,Traci,Dayborne,tdayborne17@usatoday.com,Female,176.21.7.211
45,Mathe,Brunn,mbrunn18@gmpg.org,Male,197.239.127.178
46,Ellene,Bowdery,ebowdery19@free.fr,Female,150.197.97.102
47,Dody,Agus,dagus1a@youtu.be,Female,59.170.93.29
48,Corrine,Domone,cdomone1b@businessweek.com,Female,61.65.150.89
49,Clementia,Sargeaunt,csargeaunt1c@delicious.com,Female,29.32.220.128
50,Yevette,Fenners,yfenners1d@businesswire.com,Female,166.58.8.31
51,Otto,Keats,okeats1e@sogou.com,Male,29.201.24.79
52,Esra,Oxton,eoxton1f@forbes.com,Male,175.126.60.251
53,Pollyanna,Spon,pspon1g@studiopress.com,Female,107.246.84.152
54,Farand,Bosma,fbosma1h@ucsd.edu,Female,107.28.246.115
55,Sarge,MacKinnon,smackinnon1i@istockphoto.com,Male,158.27.230.111
56,Carlen,Gaylor,cgaylor1j@opensource.org,Female,169.239.85.22
57,Aleta,Gingold,agingold1k@dedecms.com,Female,37.146.111.75
58,Rubie,Simpole,rsimpole1l@about.me,Female,57.224.34.170
59,Ignacio,Dearnaley,idearnaley1m@sbwire.com,Male,209.91.255.68
60,Erma,Nutbeem,enutbeem1n@skype.com,Female,21.253.192.164
61,Elsi,Giabuzzi,egiabuzzi1o@pcworld.com,Female,50.219.164.92
62,Jay,Capner,jcapner1p@wikia.com,Male,229.196.221.44
63,Coleman,Truckett,ctruckett1q@icio.us,Male,117.242.111.197
64,Amii,Junkison,ajunkison1r@ask.com,Female,221.129.42.54
65,Meghann,Way,mway1s@toplist.cz,Female,213.224.41.238
66,Edita,Duxbarry,eduxbarry1t@joomla.org,Female,58.193.166.251
67,Lazar,Matveichev,lmatveichev1u@tamu.edu,Male,207.110.220.240
68,Massimo,Strowan,mstrowan1v@barnesandnoble.com,Male,250.136.203.17
69,Lorin,Kellogg,lkellogg1w@nasa.gov,Male,213.199.46.100
70,Burk,Hegel,bhegel1x@state.tx.us,Male,66.225.169.10
71,Albie,Smallridge,asmallridge1y@about.me,Male,94.144.64.105
72,Sisely,Reijmers,sreijmers1z@pen.io,Female,73.136.202.252
73,Virgie,Speakman,vspeakman20@ameblo.jp,Female,86.166.58.215
74,Allx,Francois,afrancois21@multiply.com,Female,200.53.191.203
75,Cointon,Boschmann,cboschmann22@state.tx.us,Male,158.136.7.8
76,Hyacinthia,Smethurst,hsmethurst23@wiley.com,Female,216.38.194.182
77,Elizabeth,Mauchlen,emauchlen24@ted.com,Female,227.120.80.32
78,Biddie,Rubee,brubee25@elpais.com,Female,202.29.140.80
79,Manolo,Smylie,msmylie26@upenn.edu,Male,127.10.35.64
80,Fulvia,Sturgis,fsturgis27@loc.gov,Female,100.20.189.26
81,Dix,Cromer,dcromer28@bandcamp.com,Female,201.76.35.244
82,Dwight,Heddon,dheddon29@pbs.org,Male,36.201.190.68
83,Stanislaus,Burgisi,sburgisi2a@blog.com,Male,193.4.149.248
84,Rayner,Spivey,rspivey2b@prweb.com,Male,83.99.250.54
85,Ardeen,Chadband,achadband2c@nih.gov,Female,101.219.39.146
86,Charmian,Slayton,cslayton2d@businessweek.com,Female,214.193.236.37
87,Oralla,Emmert,oemmert2e@apache.org,Female,120.216.187.147
88,Wallache,Pecey,wpecey2f@topsy.com,Male,29.83.167.91
89,Wilbur,Prettyman,wprettyman2g@jigsy.com,Male,35.228.115.238
90,Brandy,Goose,bgoose2h@stumbleupon.com,Male,217.239.129.182
91,Zacharias,Beasant,zbeasant2i@google.com.au,Male,186.254.210.143
92,Brenda,Ferreras,bferreras2j@clickbank.net,Female,108.144.107.159
93,Nico,Kolakowski,nkolakowski2k@msn.com,Male,65.3.208.212
94,Bea,Adamolli,badamolli2l@ovh.net,Female,64.22.230.89
95,Antonin,Ellyatt,aellyatt2m@uiuc.edu,Male,109.236.6.133
96,Read,Rubes,rrubes2n@bing.com,Male,238.53.251.142
97,Hannis,Drains,hdrains2o@webmd.com,Female,74.66.132.248
98,Nonnah,Douthwaite,ndouthwaite2p@nhs.uk,Female,147.162.84.179
99,Clim,Enston,censton2q@skype.com,Male,23.157.149.44
100,Bari,Newman,bnewman2r@istockphoto.com,Female,17.96.168.40
101,Kean,Sevin,ksevin2s@blogspot.com,Male,21.204.51.104
102,Bethany,Harradence,bharradence2t@sbwire.com,Female,103.25.224.214
103,Parry,Biernacki,pbiernacki2u@latimes.com,Male,190.181.159.244
104,Gloriane,Shellshear,gshellshear2v@discovery.com,Female,2.53.198.186
105,Saidee,Adamoli,sadamoli2w@zimbio.com,Female,142.5.255.79
106,Jacob,Leuren,jleuren2x@smugmug.com,Male,149.240.40.14
107,Caro,Smittoune,csmittoune2y@answers.com,Female,207.178.227.5
108,Oralia,Wantling,owantling2z@wikispaces.com,Female,205.65.24.66
109,Geordie,Melly,gmelly30@merriam-webster.com,Male,20.109.116.10
110,Gayle,Lavens,glavens31@wix.com,Female,110.209.178.102
111,Christina,Wiburn,cwiburn32@java.com,Female,197.17.203.68
112,Eadmund,Whitty,ewhitty33@google.pl,Male,131.222.8.210
113,Nicky,Koppes,nkoppes34@zdnet.com,Male,128.86.92.132
114,Heida,Ondra,hondra35@arizona.edu,Female,221.53.56.32
115,Aldrich,Tomsen,atomsen36@mediafire.com,Male,108.47.27.36
116,Redd,Pasterfield,rpasterfield37@yolasite.com,Male,123.10.13.246
117,Eleen,Kulas,ekulas38@marketwatch.com,Female,221.44.11.45
118,Sharity,Proven,sproven39@baidu.com,Female,193.222.181.157
119,Winifred,Orehead,worehead3a@exblog.jp,Female,94.32.241.102
120,Earle,Schust,eschust3b@diigo.com,Male,66.13.162.95
121,Reuven,Isaq,risaq3c@nymag.com,Male,1.1.250.20
122,Nigel,Brashaw,nbrashaw3d@google.es,Male,228.241.61.45
123,Briano,Drayton,bdrayton3e@buzzfeed.com,Male,107.27.205.255
124,Lindy,Mantrip,lmantrip3f@cbc.ca,Male,150.77.29.255
125,Goldina,Kunze,gkunze3g@soup.io,Female,184.142.60.27
126,Douglas,Kalkofen,dkalkofen3h@pbs.org,Male,44.182.168.218
127,Camilla,Klyn,cklyn3i@feedburner.com,Female,133.20.96.180
128,Nadeen,Lghan,nlghan3j@msn.com,Female,217.175.73.137
129,Beilul,Gullam,bgullam3k@pbs.org,Female,224.182.7.104
130,Stefano,Jorden,sjorden3l@pagesperso-orange.fr,Male,249.107.210.65
131,Kenton,Eddis,keddis3m@spotify.com,Male,54.236.23.68
132,Jeremie,Scade,jscade3n@yandex.ru,Male,127.31.169.232
133,Nester,Stammers,nstammers3o@bloomberg.com,Male,73.24.58.124
134,Rodolph,Bree,rbree3p@purevolume.com,Male,106.172.211.170
135,Morris,Franses,mfranses3q@cocolog-nifty.com,Male,204.110.107.169
136,Leann,Gwyn,lgwyn3r@constantcontact.com,Female,47.139.248.142
137,Sergeant,Diter,sditer3s@feedburner.com,Male,113.131.67.34
138,Andrey,Kurdani,akurdani3t@shareasale.com,Male,149.64.124.246
139,Gerhardt,Baford,gbaford3u@icq.com,Male,9.171.69.34
140,Shanan,Lartice,slartice3v@deviantart.com,Male,136.30.138.64
141,Godfrey,Tother,gtother3w@va.gov,Male,135.233.162.223
142,Kirsteni,Thomsson,kthomsson3x@sina.com.cn,Female,147.213.182.83
143,Vivyan,Duplock,vduplock3y@walmart.com,Female,68.193.157.133
144,Thurstan,Kilmary,tkilmary3z@craigslist.org,Male,187.103.236.167
145,Dirk,Heeley,dheeley40@harvard.edu,Male,237.205.176.230
146,Lalo,Gascard,lgascard41@google.de,Male,148.56.151.178
147,Patton,Witch,pwitch42@google.es,Male,156.114.135.190
148,Dell,Rolfi,drolfi43@sohu.com,Female,195.110.129.8
149,Griff,Sugars,gsugars44@sogou.com,Male,194.89.110.61
150,Abbey,Pordal,apordal45@google.ca,Female,222.24.69.124
151,Mireille,Camilli,mcamilli46@wufoo.com,Female,31.147.56.117
152,Levy,Guyon,lguyon47@discuz.net,Male,242.148.208.158
153,Dosi,Wittey,dwittey48@foxnews.com,Female,165.242.207.192
154,Sandro,Wistance,swistance49@mapy.cz,Male,18.167.116.192
155,Zenia,Otham,zotham4a@163.com,Female,184.60.254.121
156,Trixy,Nardoni,tnardoni4b@deviantart.com,Female,22.94.202.213
157,Kipper,Mattiello,kmattiello4c@nationalgeographic.com,Male,46.200.111.132
158,Aline,Gommey,agommey4d@arstechnica.com,Female,69.51.81.61
159,Dougie,Bricklebank,dbricklebank4e@marketwatch.com,Male,199.244.47.128
160,Talbert,Shafto,tshafto4f@ning.com,Male,9.221.199.78
161,Kendra,Feldmus,kfeldmus4g@amazon.de,Female,155.98.56.226
162,Joy,Thornber,jthornber4h@nydailynews.com,Female,13.152.78.15
163,Hughie,Mallia,hmallia4i@narod.ru,Male,36.84.212.35
164,Johannes,Offiler,joffiler4j@marketwatch.com,Male,145.135.35.75
165,Randolph,Bernardy,rbernardy4k@ucla.edu,Male,145.218.118.75
166,Gilly,Dericut,gdericut4l@amazon.co.uk,Female,127.91.255.142
167,Luella,Giddons,lgiddons4m@fotki.com,Female,200.121.11.145
168,Fredericka,Edgcumbe,fedgcumbe4n@google.com.br,Female,168.150.92.190
169,Rutter,Uzzell,ruzzell4o@zdnet.com,Male,34.139.103.225
170,Stanfield,Haruard,sharuard4p@amazon.co.uk,Male,137.164.137.28
171,Kristin,Basini-Gazzi,kbasinigazzi4q@wikia.com,Female,18.44.103.75
172,Florry,De Atta,fdeatta4r@multiply.com,Female,247.51.34.187
173,Ricky,Moreing,rmoreing4s@dailymotion.com,Female,88.202.183.220
174,Edlin,Daniels,edaniels4t@pinterest.com,Male,239.59.50.163
175,Ardelia,Dosedale,adosedale4u@ucla.edu,Female,152.150.157.198
176,Jacquenetta,Etheredge,jetheredge4v@nhs.uk,Female,4.154.239.175
177,Finley,Dayton,fdayton4w@buzzfeed.com,Male,142.72.75.100
178,Reynolds,Shilito,rshilito4x@yale.edu,Male,65.217.206.134
179,Gradey,Willowby,gwillowby4y@usgs.gov,Male,106.149.251.45
180,Livia,Ruddin,lruddin4z@miitbeian.gov.cn,Female,115.234.0.169
181,Gilemette,Leades,gleades50@eepurl.com,Female,232.223.140.79
182,Dex,Bente,dbente51@ucoz.ru,Male,46.160.97.160
183,Nappie,Blaik,nblaik52@umn.edu,Male,216.174.152.214
184,Rog,Cartmale,rcartmale53@yolasite.com,Male,110.165.130.31
185,Raphaela,Wife,rwife54@virginia.edu,Female,198.136.112.242
186,Dimitri,Furlow,dfurlow55@ted.com,Male,80.40.161.57
187,Brittni,Storer,bstorer56@guardian.co.uk,Female,189.39.15.235
188,Gage,Mogford,gmogford57@deliciousdays.com,Male,190.113.133.73
189,Odey,Cripps,ocripps58@answers.com,Male,104.254.135.67
190,Gaylene,Morrilly,gmorrilly59@bluehost.com,Female,40.22.182.61
191,Cornelia,Chadbourne,cchadbourne5a@macromedia.com,Female,181.116.145.233
192,Danna,Greensall,dgreensall5b@liveinternet.ru,Female,102.137.9.233
193,Cody,Geerits,cgeerits5c@moonfruit.com,Male,217.244.158.133
194,Moses,Jorry,mjorry5d@google.com.au,Male,49.74.147.89
195,Nicolais,Ringrose,nringrose5e@feedburner.com,Male,195.8.76.119
196,Wye,Edmott,wedmott5f@rakuten.co.jp,Male,47.103.151.3
197,Hannis,Huddleston,hhuddleston5g@w3.org,Female,134.108.88.159
198,Milly,Consadine,mconsadine5h@nymag.com,Female,219.176.164.42
199,Jeanelle,Botright,jbotright5i@hubpages.com,Female,153.250.21.11
200,Osbourn,Melarkey,omelarkey5j@icq.com,Male,67.217.240.204
201,Alfie,Smythin,asmythin5k@ebay.co.uk,Male,151.71.73.144
202,Ynez,Stiffkins,ystiffkins5l@tripod.com,Female,164.50.72.229
203,Gypsy,Kix,gkix5m@behance.net,Female,59.35.157.169
204,Donetta,Stenning,dstenning5n@npr.org,Female,60.39.45.149
205,Alaric,Yeld,ayeld5o@toplist.cz,Male,54.63.6.112
206,Ninetta,Guisby,nguisby5p@qq.com,Female,203.246.155.186
207,Doralia,Gipson,dgipson5q@amazon.co.jp,Female,28.229.30.12
208,Stormi,Aldhous,saldhous5r@reuters.com,Female,224.252.144.53
209,Reamonn,MacClenan,rmacclenan5s@people.com.cn,Male,128.102.205.143
210,Giulietta,Olivas,golivas5t@disqus.com,Female,248.235.125.175
211,Mose,Adamson,madamson5u@hugedomains.com,Male,7.43.174.59
212,Finley,Keepe,fkeepe5v@xrea.com,Male,151.182.58.12
213,Noe,Durman,ndurman5w@ezinearticles.com,Male,42.90.178.205
214,Jorge,Giacopello,jgiacopello5x@gizmodo.com,Male,144.176.88.30
215,Davy,Stanyan,dstanyan5y@ovh.net,Male,41.74.207.195
216,Starr,Spottiswood,sspottiswood5z@github.io,Female,235.79.117.45
217,Fifine,Moline,fmoline60@bbb.org,Female,130.72.148.6
218,Marieann,Johnstone,mjohnstone61@shop-pro.jp,Female,253.20.223.0
219,Vernen,Fotherby,vfotherby62@house.gov,Male,130.150.39.80
220,Haleigh,Ashley,hashley63@theatlantic.com,Female,69.10.162.104
221,Lanette,Coard,lcoard64@tinypic.com,Female,231.75.152.211
222,Kerstin,Bartosinski,kbartosinski65@google.com,Female,34.184.32.83
223,Tina,Pavey,tpavey66@miitbeian.gov.cn,Female,231.211.54.105
224,Halie,Giacomuzzi,hgiacomuzzi67@yale.edu,Female,153.174.239.206
225,Anny,Pues,apues68@ft.com,Female,151.190.27.228
226,Rozalie,Richten,rrichten69@digg.com,Female,238.231.158.74
227,Nellie,Dermot,ndermot6a@multiply.com,Female,111.101.233.129
228,Brigit,Glasspoole,bglasspoole6b@oakley.com,Female,77.82.135.149
229,Silvanus,Chattell,schattell6c@wikia.com,Male,236.76.203.79
230,Rudolfo,Tolland,rtolland6d@deviantart.com,Male,27.189.143.58
231,Raddy,O'Hara,rohara6e@constantcontact.com,Male,97.163.92.127
232,Beatrisa,Orehead,borehead6f@accuweather.com,Female,66.227.115.190
233,Jaquenette,Breawood,jbreawood6g@themeforest.net,Female,89.107.239.171
234,Wallas,Abramzon,wabramzon6h@deviantart.com,Male,85.37.144.189
235,Ellis,Attfield,eattfield6i@cisco.com,Male,115.0.230.126
236,Chick,Breinl,cbreinl6j@disqus.com,Male,101.66.161.166
237,Taite,Helversen,thelversen6k@statcounter.com,Male,204.33.66.237
238,Devon,Earey,dearey6l@google.nl,Female,148.251.204.242
239,Ellie,Sheara,esheara6m@nba.com,Female,240.69.28.2
240,Stevena,Dale,sdale6n@sakura.ne.jp,Female,121.63.13.102
241,Cherin,Allmark,callmark6o@amazon.com,Female,248.93.48.162
242,Kaitlynn,Trevarthen,ktrevarthen6p@wufoo.com,Female,232.33.167.126
243,Patric,Raithby,praithby6q@mysql.com,Male,116.2.150.83
244,Lonna,Fuggles,lfuggles6r@youtube.com,Female,0.40.221.23
245,Karmen,Southcoat,ksouthcoat6s@wordpress.org,Female,4.64.142.82
246,Casi,Muncie,cmuncie6t@hubpages.com,Female,210.131.217.99
247,Candi,Hamsson,chamsson6u@jugem.jp,Female,12.50.141.27
248,Janine,Taffurelli,jtaffurelli6v@1688.com,Female,226.140.154.119
249,Florian,Wetherald,fwetherald6w@dell.com,Male,76.19.254.198
250,Yolanda,Narup,ynarup6x@elegantthemes.com,Female,81.4.115.82
251,Risa,Falloon,rfalloon6y@cargocollective.com,Female,233.157.254.254
252,Vale,Billson,vbillson6z@thetimes.co.uk,Male,42.252.227.135
253,Millie,Perring,mperring70@mapquest.com,Female,58.68.213.102
254,Sheffy,Burrass,sburrass71@networkadvertising.org,Male,251.163.123.243
255,Glennie,Alejandri,galejandri72@freewebs.com,Female,131.190.57.125
256,Whitney,Aubry,waubry73@gravatar.com,Female,17.35.161.235
257,Kelci,Cassey,kcassey74@apple.com,Female,64.158.228.49
258,Cassondra,Moutray Read,cmoutrayread75@plala.or.jp,Female,142.148.31.2
259,Thomasa,Lindores,tlindores76@altervista.org,Female,104.190.104.66
260,Marilee,Wooller,mwooller77@ycombinator.com,Female,228.137.30.26
261,Iormina,Warren,iwarren78@reference.com,Female,1.35.100.61
262,Whitman,Grunguer,wgrunguer79@t-online.de,Male,145.184.9.189
263,Siffre,Hizir,shizir7a@alexa.com,Male,187.121.226.102
264,Gizela,Peppard,gpeppard7b@squarespace.com,Female,166.223.42.51
265,Mirilla,Truelove,mtruelove7c@mayoclinic.com,Female,63.105.169.45
266,Anjanette,Maes,amaes7d@cam.ac.uk,Female,228.72.15.206
267,Dyan,Mussard,dmussard7e@hc360.com,Female,6.93.48.150
268,Josephine,Esmonde,jesmonde7f@nydailynews.com,Female,68.24.62.51
269,Zuzana,Shrubsall,zshrubsall7g@prlog.org,Female,70.241.193.186
270,Dodi,Asplin,dasplin7h@amazon.co.uk,Female,28.210.183.32
271,Silvia,Persian,spersian7i@about.me,Female,13.98.10.182
272,Bartlet,Hartlebury,bhartlebury7j@senate.gov,Male,246.84.91.46
273,Eugenio,Frayling,efrayling7k@scientificamerican.com,Male,206.139.32.181
274,Marcus,Rhucroft,mrhucroft7l@sun.com,Male,252.209.11.59
275,Jackie,Durgan,jdurgan7m@state.tx.us,Male,77.28.222.141
276,Jerrome,Bute,jbute7n@accuweather.com,Male,4.126.173.253
277,Essy,Dunridge,edunridge7o@cyberchimps.com,Female,207.116.21.0
278,Renado,Sollett,rsollett7p@about.me,Male,0.8.21.150
279,Donielle,Tees,dtees7q@nyu.edu,Female,85.193.237.88
280,Dorella,Purselow,dpurselow7r@slate.com,Female,26.71.133.43
281,Zara,Dene,zdene7s@geocities.com,Female,143.115.148.113
282,Mel,McAughtrie,mmcaughtrie7t@ycombinator.com,Female,99.43.214.143
283,Klara,Orritt,korritt7u@hhs.gov,Female,99.124.93.45
284,Tammie,Letchford,tletchford7v@businessinsider.com,Female,129.71.38.82
285,Andrey,Takle,atakle7w@auda.org.au,Male,211.102.225.124
286,Simmonds,Ondrousek,sondrousek7x@yahoo.com,Male,161.175.187.230
287,Rozanne,Griniov,rgriniov7y@statcounter.com,Female,184.178.131.115
288,Oswell,Adam,oadam7z@paginegialle.it,Male,166.230.123.28
289,Kelsey,Snasdell,ksnasdell80@kickstarter.com,Male,57.31.131.219
290,Ira,Archdeacon,iarchdeacon81@zdnet.com,Female,138.120.127.247
291,Kennan,Deverale,kdeverale82@engadget.com,Male,24.138.127.84
292,Kurt,Winchcum,kwinchcum83@goo.gl,Male,51.193.218.28
293,Korney,Miklem,kmiklem84@jalbum.net,Female,18.133.44.109
294,Sella,Banfill,sbanfill85@myspace.com,Female,172.81.13.174
295,Chrissy,Floyd,cfloyd86@multiply.com,Male,210.114.43.142
296,Webster,Clac,wclac87@mlb.com,Male,64.160.81.128
297,Ronna,Raddan,rraddan88@squidoo.com,Female,146.107.238.5
298,Haskel,Drewell,hdrewell89@booking.com,Male,125.81.223.128
299,Gloria,Mew,gmew8a@typepad.com,Female,157.90.86.89
300,Harry,Laurisch,hlaurisch8b@reuters.com,Male,146.252.228.88
301,Damiano,Fouldes,dfouldes8c@stanford.edu,Male,155.178.115.138
302,Moshe,Ropartz,mropartz8d@homestead.com,Male,95.14.4.226
303,Arley,Wabey,awabey8e@mashable.com,Male,30.131.132.105
304,Jaquith,Mourgue,jmourgue8f@ucoz.ru,Female,183.235.207.137
305,Sayre,Woodfin,swoodfin8g@hostgator.com,Female,95.165.156.49
306,Godfry,Julien,gjulien8h@ning.com,Male,133.92.130.48
307,Leopold,Autin,lautin8i@artisteer.com,Male,134.117.155.3
308,Angelle,Suarez,asuarez8j@epa.gov,Female,154.123.131.30
309,Marcelle,Lattos,mlattos8k@nyu.edu,Female,71.224.81.72
310,Eliot,Bucklan,ebucklan8l@trellian.com,Male,157.94.43.11
311,Ferdinand,Olphert,folphert8m@scribd.com,Male,234.193.147.133
312,Dorelle,Mauger,dmauger8n@mashable.com,Female,150.205.93.10
313,Miguela,Fincken,mfincken8o@boston.com,Female,130.105.183.204
314,Mikel,Callacher,mcallacher8p@sina.com.cn,Male,124.63.111.161
315,Aile,Coultard,acoultard8q@bbc.co.uk,Female,175.188.90.130
316,Mart,Curless,mcurless8r@paypal.com,Male,71.52.245.38
317,Scot,Jaray,sjaray8s@nba.com,Male,29.15.143.129
318,Dana,Storres,dstorres8t@house.gov,Male,126.68.211.224
319,Pennie,Jervis,pjervis8u@amazon.com,Female,102.23.78.51
320,Katrina,Allbon,kallbon8v@baidu.com,Female,26.53.27.53
321,Marylin,Joffe,mjoffe8w@wikipedia.org,Female,64.128.88.3
322,Bat,Fosdyke,bfosdyke8x@google.fr,Male,223.89.138.59
323,Corrina,Lipman,clipman8y@umn.edu,Female,41.58.190.159
324,Osmond,Coatsworth,ocoatsworth8z@ox.ac.uk,Male,106.208.4.122
325,Roda,Weetch,rweetch90@wordpress.com,Female,82.62.82.189
326,Tamiko,Grendon,tgrendon91@pen.io,Female,158.146.30.186
327,Korella,Ismail,kismail92@seesaa.net,Female,116.40.236.136
328,Gabie,Gallehawk,ggallehawk93@list-manage.com,Male,221.97.172.21
329,Jodee,Woolcocks,jwoolcocks94@unc.edu,Female,240.76.144.55
330,Murdoch,Chable,mchable95@oakley.com,Male,108.29.75.195
331,Sherye,Roycroft,sroycroft96@webmd.com,Female,241.7.52.135
332,Antonio,Alejandro,aalejandro97@prlog.org,Male,127.169.234.236
333,Leslie,Kennedy,lkennedy98@google.com.br,Female,104.91.186.199
334,Josiah,Oxton,joxton99@slate.com,Male,52.248.167.168
335,Eileen,Larrington,elarrington9a@ft.com,Female,108.230.240.74
336,Dionysus,Wilshaw,dwilshaw9b@barnesandnoble.com,Male,125.61.203.156
337,Frank,Openshaw,fopenshaw9c@php.net,Female,14.120.188.2
338,Jessie,Bristoe,jbristoe9d@google.com.br,Male,68.142.150.57
339,Ashlie,Rosoman,arosoman9e@indiatimes.com,Female,29.186.131.106
340,Raeann,Caudwell,rcaudwell9f@icio.us,Female,119.128.23.226
341,Wileen,Bindon,wbindon9g@ucoz.com,Female,9.120.141.177
342,Nevil,Alldre,nalldre9h@newyorker.com,Male,36.27.183.48
343,Lanna,Badland,lbadland9i@whitehouse.gov,Female,191.247.20.151
344,Adelina,Blois,ablois9j@about.com,Female,11.200.14.4
345,Lucius,Johncey,ljohncey9k@google.com,Male,91.231.255.200
346,Idelle,Folder,ifolder9l@shareasale.com,Female,177.5.241.44
347,Lucky,Sowley,lsowley9m@bandcamp.com,Female,185.205.203.46
348,Corri,Bryns,cbryns9n@thetimes.co.uk,Female,223.75.99.59
349,Jacinthe,Stoven,jstoven9o@wordpress.com,Female,241.95.19.147
350,Michell,Maffi,mmaffi9p@ovh.net,Female,4.183.52.166
351,Ingamar,Gherardelli,igherardelli9q@so-net.ne.jp,Male,101.158.70.73
352,Willamina,Cundy,wcundy9r@domainmarket.com,Female,165.132.121.155
353,Tamarah,Kingett,tkingett9s@mac.com,Female,120.105.149.56
354,Adler,Hoodlass,ahoodlass9t@cafepress.com,Male,113.150.177.139
355,Derron,Ailward,dailward9u@gravatar.com,Male,249.63.104.140
356,Lynette,Wreath,lwreath9v@scribd.com,Female,147.39.125.127
357,Blair,Pinnington,bpinnington9w@ihg.com,Female,90.108.184.113
358,Teirtza,Studd,tstudd9x@blogtalkradio.com,Female,164.128.84.114
359,Ivar,Uc,iuc9y@meetup.com,Male,101.220.200.160
360,Anneliese,Worman,aworman9z@phoca.cz,Female,158.14.93.65
361,Thekla,Branchflower,tbranchflowera0@reference.com,Female,176.82.130.59
362,Stephannie,Ather,sathera1@webmd.com,Female,222.47.227.128
363,Guilbert,Lillyman,glillymana2@shinystat.com,Male,211.239.221.196
364,Cordy,Derrick,cderricka3@home.pl,Male,88.191.238.142
365,Field,Danielis,fdanielisa4@sfgate.com,Male,184.206.85.25
366,Zollie,Freyne,zfreynea5@ebay.com,Male,118.127.86.179
367,Enid,Becraft,ebecrafta6@flavors.me,Female,69.223.110.189
368,Rosalinda,Leyes,rleyesa7@nba.com,Female,42.171.193.74
369,Shae,Tawse,stawsea8@acquirethisname.com,Male,166.105.133.245
370,Findlay,Hefford,fhefforda9@addthis.com,Male,187.190.177.121
371,Sutherland,Cottee,scotteeaa@phpbb.com,Male,164.53.28.149
372,Keen,Trott,ktrottab@tmall.com,Male,178.102.152.216
373,Lelia,Yannoni,lyannoniac@jalbum.net,Female,152.40.140.55
374,Reagen,Pierce,rpiercead@51.la,Male,133.40.198.9
375,Eydie,Chitty,echittyae@chicagotribune.com,Female,239.56.120.29
376,Nert,Leonard,nleonardaf@blogs.com,Female,223.63.205.29
377,Hesther,Troup,htroupag@rediff.com,Female,87.198.247.143
378,Wynn,Backman,wbackmanah@purevolume.com,Male,40.25.130.26
379,Corney,Gon,cgonai@google.es,Male,24.16.86.28
380,Sharity,McKerron,smckerronaj@netlog.com,Female,17.61.59.50
381,Catharina,Brownbridge,cbrownbridgeak@nationalgeographic.com,Female,186.236.176.238
382,Barnabe,Partridge,bpartridgeal@usgs.gov,Male,187.250.185.105
383,Maribeth,Gallihawk,mgallihawkam@i2i.jp,Female,159.27.242.105
384,Babbie,Youell,byouellan@mashable.com,Female,121.7.193.209
385,Jarred,Stebbins,jstebbinsao@pen.io,Male,62.62.170.160
386,Gorden,Pashba,gpashbaap@taobao.com,Male,139.119.95.119
387,Joanna,Redemile,jredemileaq@ihg.com,Female,105.116.124.129
388,Margery,Semarke,msemarkear@cafepress.com,Female,195.245.119.230
389,Nahum,Gladding,ngladdingas@fc2.com,Male,167.14.225.35
390,Constantin,Bozier,cbozierat@yolasite.com,Male,188.149.169.156
391,Olimpia,Pelz,opelzau@about.me,Female,89.27.254.239
392,Antonio,Sieb,asiebav@linkedin.com,Male,195.150.92.11
393,Jobie,Brende,jbrendeaw@bizjournals.com,Female,85.119.102.136
394,Benton,MacMenamie,bmacmenamieax@ed.gov,Male,63.76.231.224
395,Rock,Maudlin,rmaudlinay@imgur.com,Male,239.57.72.243
396,Delmore,Ghelarducci,dghelarducciaz@mapy.cz,Male,47.54.151.170
397,Gran,Hourihan,ghourihanb0@wikimedia.org,Male,247.173.22.23
398,Marena,Gallichan,mgallichanb1@auda.org.au,Female,175.187.13.102
399,Joanne,Snodden,jsnoddenb2@last.fm,Female,96.87.138.148
400,Florinda,Van der Brugge,fvanderbruggeb3@intel.com,Female,225.197.54.6
401,Dame,Lammerding,dlammerdingb4@spotify.com,Male,207.130.217.228
402,Stace,Adriani,sadrianib5@jugem.jp,Female,208.33.43.206
403,Weylin,Hardison,whardisonb6@japanpost.jp,Male,217.148.169.166
404,Irina,O'Haire,iohaireb7@vk.com,Female,18.213.168.44
405,Husain,Rogeron,hrogeronb8@boston.com,Male,241.128.79.16
406,Sula,Ramsdell,sramsdellb9@tinypic.com,Female,23.76.204.220
407,Herrick,Sturdgess,hsturdgessba@salon.com,Male,253.110.130.61
408,Raymond,Libby,rlibbybb@dropbox.com,Male,228.112.225.92
409,Noak,Grinnov,ngrinnovbc@nih.gov,Male,57.237.166.50
410,Jermaine,Dungate,jdungatebd@webnode.com,Male,131.149.123.93
411,Terrance,Rosindill,trosindillbe@jugem.jp,Male,35.111.99.152
412,Shellysheldon,Rudall,srudallbf@behance.net,Male,0.230.236.68
413,Waite,Itzkovici,witzkovicibg@phoca.cz,Male,203.145.119.143
414,Andrea,De Marchi,ademarchibh@google.fr,Male,194.89.193.58
415,Claudette,Challenor,cchallenorbi@homestead.com,Female,41.91.178.149
416,Kippy,Cawte,kcawtebj@mayoclinic.com,Male,232.192.106.16
417,Desmond,Tyne,dtynebk@springer.com,Male,161.47.197.189
418,Brana,Malins,bmalinsbl@bluehost.com,Female,109.180.155.178
419,Arther,Bastable,abastablebm@reddit.com,Male,71.37.105.135
420,Gilburt,Bendtsen,gbendtsenbn@purevolume.com,Male,101.106.94.9
421,Charlene,Zanicchelli,czanicchellibo@multiply.com,Female,176.252.137.22
422,Dani,Chasmoor,dchasmoorbp@reverbnation.com,Male,253.58.222.125
423,Deanne,Scholey,dscholeybq@mtv.com,Female,94.78.211.87
424,Fancy,Bedward,fbedwardbr@ovh.net,Female,16.126.56.75
425,Karly,Sallarie,ksallariebs@soundcloud.com,Female,63.93.123.189
426,Myrtia,Antos,mantosbt@phoca.cz,Female,150.80.230.121
427,Matthew,Smithies,msmithiesbu@youtu.be,Male,173.86.177.83
428,Nickolaus,Kellie,nkelliebv@webs.com,Male,86.165.121.9
429,Jennie,Breslane,jbreslanebw@ask.com,Female,208.123.192.26
430,Lyndy,Jacquemy,ljacquemybx@smh.com.au,Female,90.186.201.135
431,Claire,Keyworth,ckeyworthby@lulu.com,Female,63.146.6.97
432,Magdalene,Havercroft,mhavercroftbz@timesonline.co.uk,Female,123.85.154.155
433,Nikolaus,Hyde,nhydec0@oakley.com,Male,92.200.185.19
434,Saraann,Kupis,skupisc1@toplist.cz,Female,170.223.83.55
435,Norine,Simonard,nsimonardc2@ft.com,Female,207.23.219.243
436,Lianne,Spikeings,lspikeingsc3@ibm.com,Female,131.157.6.237
437,Sancho,Croot,scrootc4@whitehouse.gov,Male,7.186.199.186
438,Dniren,Minihan,dminihanc5@discuz.net,Female,247.243.165.102
439,Ernest,De Vaan,edevaanc6@harvard.edu,Male,31.121.78.34
440,Sarine,Strothers,sstrothersc7@reverbnation.com,Female,227.248.37.37
441,Lian,Fraulo,lfrauloc8@live.com,Female,104.146.164.226
442,Grange,MacAnulty,gmacanultyc9@yahoo.com,Male,58.131.226.236
443,Christel,Bartolozzi,cbartolozzica@sogou.com,Female,197.58.102.39
444,Francesco,Retter,frettercb@disqus.com,Male,194.104.137.83
445,Celisse,Shellcross,cshellcrosscc@blogspot.com,Female,143.141.52.131
446,Dolores,Isherwood,disherwoodcd@deliciousdays.com,Female,240.105.44.15
447,Breena,Tither,btitherce@etsy.com,Female,195.234.2.36
448,Tan,Jilliss,tjillisscf@desdev.cn,Male,171.40.211.100
449,Juline,Vesty,jvestycg@123-reg.co.uk,Female,223.180.129.94
450,Davin,MacAloren,dmacalorench@vinaora.com,Male,190.225.207.169
451,Faun,Drewitt,fdrewittci@utexas.edu,Female,141.174.188.180
452,Nana,Obeney,nobeneycj@wired.com,Female,50.250.193.112
453,Kakalina,Sabates,ksabatesck@github.io,Female,200.166.32.19
454,Shawnee,Michele,smichelecl@aol.com,Female,134.104.178.249
455,Dame,Eden,dedencm@stumbleupon.com,Male,65.105.175.178
456,Onida,Spinelli,ospinellicn@cbc.ca,Female,95.238.136.75
457,Orelie,Challinor,ochallinorco@com.com,Female,20.81.14.184
458,Dorothy,Galtone,dgaltonecp@clickbank.net,Female,29.66.40.120
459,Gerry,Blazewicz,gblazewiczcq@4shared.com,Male,248.105.219.40
460,Barclay,Dorian,bdoriancr@smh.com.au,Male,144.175.20.93
461,Rivkah,Blore,rblorecs@mysql.com,Female,216.35.245.187
462,Sydelle,Beiderbeck,sbeiderbeckct@amazon.com,Female,70.79.231.157
463,Lee,Duell,lduellcu@uol.com.br,Female,13.28.49.148
464,Raimondo,Jeens,rjeenscv@google.ca,Male,236.149.130.100
465,Mano,Lenthall,mlenthallcw@wp.com,Male,44.125.246.179
466,Ginnifer,Brehaut,gbrehautcx@chronoengine.com,Female,57.29.210.238
467,Tabina,Whyffen,twhyffency@fc2.com,Female,214.92.177.87
468,Jaclyn,Godridge,jgodridgecz@creativecommons.org,Female,210.218.238.31
469,Donalt,Emmert,demmertd0@jigsy.com,Male,184.221.51.165
470,Scott,Aveling,savelingd1@oaic.gov.au,Male,234.111.135.180
471,Orson,Charlon,ocharlond2@yelp.com,Male,246.147.94.59
472,Winslow,Dougal,wdougald3@cam.ac.uk,Male,247.186.202.59
473,Corrie,Backwell,cbackwelld4@goo.gl,Male,198.218.190.250
474,Karim,Danilevich,kdanilevichd5@seattletimes.com,Male,252.52.237.156
475,Brier,Gabbat,bgabbatd6@soup.io,Female,117.155.210.243
476,Amalea,Schulkins,aschulkinsd7@bing.com,Female,173.96.28.250
477,Maye,MacAne,mmacaned8@dedecms.com,Female,212.92.54.159
478,Emlynne,Elderfield,eelderfieldd9@drupal.org,Female,168.4.233.17
479,Eb,Mallalieu,emallalieuda@fastcompany.com,Male,148.104.103.214
480,Sheela,Ledster,sledsterdb@arizona.edu,Female,8.114.30.170
481,Karleen,Bettles,kbettlesdc@columbia.edu,Female,31.142.88.196
482,Ellsworth,Cantwell,ecantwelldd@cbc.ca,Male,189.81.63.203
483,Lane,Giacobilio,lgiacobiliode@oakley.com,Male,101.45.206.185
484,Nestor,Joice,njoicedf@hao123.com,Male,138.168.95.102
485,Laure,Defau,ldefaudg@wired.com,Female,26.19.62.167
486,Teirtza,Dowson,tdowsondh@craigslist.org,Female,186.175.130.4
487,Benyamin,Swetland,bswetlanddi@wikispaces.com,Male,123.174.159.136
488,Janek,Iscowitz,jiscowitzdj@go.com,Male,68.216.5.86
489,Tine,Norvell,tnorvelldk@cargocollective.com,Female,98.149.227.2
490,Burtie,Eccleston,becclestondl@parallels.com,Male,163.250.56.233
491,Adrian,O'Kinneally,aokinneallydm@ed.gov,Female,205.107.4.161
492,Brok,Rennicks,brennicksdn@bloglovin.com,Male,15.188.133.117
493,Anselma,Gooddy,agooddydo@patch.com,Female,241.251.224.93
494,Finley,Mattingly,fmattinglydp@whitehouse.gov,Male,113.183.239.44
495,Rube,Sirmond,rsirmonddq@fc2.com,Male,63.173.192.123
496,Lara,Wimmers,lwimmersdr@ezinearticles.com,Female,231.9.165.104
497,Richmound,Lambart,rlambartds@constantcontact.com,Male,114.173.122.149
498,Demetris,Yeabsley,dyeabsleydt@twitpic.com,Male,44.5.194.12
499,Glen,Eat,geatdu@51.la,Male,196.91.108.238
500,Carrol,Bagge,cbaggedv@gravatar.com,Male,233.181.229.210
501,Timmy,Webb,twebbdw@nature.com,Female,90.31.10.246
502,Miner,Fibbitts,mfibbittsdx@exblog.jp,Male,210.207.0.109
503,Hildegaard,Mohring,hmohringdy@forbes.com,Female,51.121.75.159
504,Dionysus,Badland,dbadlanddz@so-net.ne.jp,Male,234.248.85.14
505,Errol,Moore,emooree0@gmpg.org,Male,131.168.64.19
506,Kameko,Kondratenko,kkondratenkoe1@twitter.com,Female,249.135.98.232
507,Tyrus,Girogetti,tgirogettie2@ox.ac.uk,Male,230.245.245.102
508,Laurie,Yanne,lyannee3@google.com.hk,Male,190.193.189.223
509,Benny,Belward,bbelwarde4@statcounter.com,Male,243.15.90.40
510,Farrell,Crutcher,fcrutchere5@1und1.de,Male,71.188.152.87
511,Amalea,Pendered,apenderede6@hc360.com,Female,131.244.210.129
512,Robinson,Di Giacomettino,rdigiacomettinoe7@cnn.com,Male,207.49.245.243
513,Vassily,Ruffey,vruffeye8@cocolog-nifty.com,Male,204.46.148.22
514,Joela,Scogings,jscogingse9@yellowpages.com,Female,155.62.166.143
515,Oralia,Champney,ochampneyea@netlog.com,Female,118.121.40.66
516,Byran,Gernier,bgerniereb@netvibes.com,Male,37.16.55.185
517,Arly,Sporle,asporleec@foxnews.com,Female,203.65.1.179
518,Peyter,Soldner,psoldnered@csmonitor.com,Male,16.118.164.249
519,Iggy,Fronczak,ifronczakee@privacy.gov.au,Male,37.227.123.186
520,Licha,Gasgarth,lgasgarthef@jugem.jp,Female,125.167.61.240
521,Tucky,Gergolet,tgergoleteg@ebay.co.uk,Male,157.40.188.41
522,Fleur,Finicj,ffinicjeh@geocities.jp,Female,231.97.52.89
523,Valida,Dineges,vdinegesei@dmoz.org,Female,4.206.186.1
524,Elvera,Ivakhnov,eivakhnovej@discuz.net,Female,221.174.132.11
525,Chev,Edis,cedisek@imgur.com,Male,164.102.143.254
526,Malia,Duffie,mduffieel@nbcnews.com,Female,145.13.186.33
527,Melamie,Guilloton,mguillotonem@dedecms.com,Female,230.10.95.29
528,Udale,Matzkaitis,umatzkaitisen@nydailynews.com,Male,239.220.157.240
529,Anastasie,Karolewski,akarolewskieo@economist.com,Female,102.16.73.35
530,Noll,Geard,ngeardep@wp.com,Male,136.115.152.253
531,Leandra,Deam,ldeameq@miitbeian.gov.cn,Female,229.143.7.246
532,Drugi,Worsell,dworseller@scientificamerican.com,Male,15.207.199.92
533,Kevin,Deaville,kdeavillees@posterous.com,Male,16.209.190.17
534,Christophe,Hurburt,churburtet@guardian.co.uk,Male,86.154.190.121
535,Franklin,Vass,fvasseu@mysql.com,Male,217.186.96.57
536,Bellina,OIlier,boilierev@cdc.gov,Female,205.102.123.111
537,Darsie,Fellman,dfellmanew@ow.ly,Female,30.40.132.234
538,Dulciana,Habron,dhabronex@chicagotribune.com,Female,161.254.252.87
539,Bradford,Kingcott,bkingcottey@zdnet.com,Male,69.171.253.190
540,Kissie,Wolfart,kwolfartez@japanpost.jp,Female,115.242.125.122
541,Archie,Votier,avotierf0@macromedia.com,Male,164.86.108.0
542,Chester,Tebbit,ctebbitf1@zdnet.com,Male,255.76.56.59
543,Ariana,Klempke,aklempkef2@ftc.gov,Female,205.67.238.159
544,Octavia,Lowbridge,olowbridgef3@census.gov,Female,150.151.114.74
545,Marni,Tack,mtackf4@clickbank.net,Female,191.76.241.233
546,Hughie,Dunstone,hdunstonef5@china.com.cn,Male,92.249.91.103
547,Hugibert,Baggiani,hbaggianif6@ezinearticles.com,Male,61.57.3.206
548,Joshua,Unsworth,junsworthf7@springer.com,Male,53.47.200.148
549,Felicle,Antonopoulos,fantonopoulosf8@xrea.com,Female,47.107.87.9
550,Stacia,Bowen,sbowenf9@addtoany.com,Female,184.57.35.223
551,Timmy,Maylard,tmaylardfa@fda.gov,Male,83.113.180.15
552,Lishe,Jancey,ljanceyfb@squidoo.com,Female,184.232.56.19
553,Tildy,Sturley,tsturleyfc@php.net,Female,147.116.252.57
554,Westleigh,Piotrowski,wpiotrowskifd@meetup.com,Male,68.76.124.97
555,Lanae,Gunston,lgunstonfe@privacy.gov.au,Female,29.131.103.102
556,Flin,Prandi,fprandiff@yellowpages.com,Male,95.136.13.193
557,Henka,Yukhin,hyukhinfg@dell.com,Female,138.214.33.223
558,Robinia,Caban,rcabanfh@independent.co.uk,Female,83.68.130.165
559,Archy,Guice,aguicefi@amazon.com,Male,73.253.8.174
560,Michal,Hedgeman,mhedgemanfj@tumblr.com,Female,184.14.157.227
561,Prudence,Sangster,psangsterfk@weather.com,Female,92.21.59.33
562,Quillan,Luebbert,qluebbertfl@ox.ac.uk,Male,208.166.90.169
563,Lay,Wehnerr,lwehnerrfm@wordpress.com,Male,160.238.234.220
564,Herrick,Bleaden,hbleadenfn@princeton.edu,Male,254.53.61.142
565,Corny,Sprackling,cspracklingfo@blogtalkradio.com,Male,181.71.184.33
566,Austin,Virr,avirrfp@bloglines.com,Female,37.253.201.237
567,Steffane,Keppie,skeppiefq@addthis.com,Female,38.126.86.10
568,Virgilio,Fontelles,vfontellesfr@smugmug.com,Male,80.107.147.12
569,Alvan,Kiehnlt,akiehnltfs@loc.gov,Male,242.26.104.86
570,Mill,McGilmartin,mmcgilmartinft@stanford.edu,Male,8.60.94.184
571,Kassandra,Kleint,kkleintfu@slate.com,Female,129.164.237.39
572,Cam,Pennell,cpennellfv@1688.com,Male,152.236.252.50
573,Nathan,O'Quin,noquinfw@sohu.com,Male,246.63.142.90
574,Brooke,Husset,bhussetfx@taobao.com,Female,255.193.189.144
575,Dew,Shoemark,dshoemarkfy@cargocollective.com,Male,81.110.0.6
576,Kareem,Sorro,ksorrofz@columbia.edu,Male,232.77.128.96
577,Rosaline,Woolger,rwoolgerg0@cnbc.com,Female,76.202.197.100
578,Reina,Barme,rbarmeg1@sphinn.com,Female,221.30.211.145
579,Maxie,Headley,mheadleyg2@artisteer.com,Male,198.176.163.128
580,Germaine,Lacer,glacerg3@bloomberg.com,Female,138.1.171.23
581,Osbourn,Vasyutkin,ovasyutking4@europa.eu,Male,164.81.205.203
582,Robbin,Drexel,rdrexelg5@friendfeed.com,Female,46.207.151.231
583,Evonne,Kaines,ekainesg6@ihg.com,Female,9.172.117.209
584,Mel,Geockle,mgeockleg7@go.com,Female,88.208.166.55
585,Maire,Escritt,mescrittg8@sciencedaily.com,Female,108.115.22.40
586,Susan,Baistow,sbaistowg9@salon.com,Female,183.182.27.141
587,Guillema,Colleford,gcollefordga@nhs.uk,Female,221.32.79.252
588,Marcelo,Tavernor,mtavernorgb@loc.gov,Male,195.23.34.65
589,Maurizia,Bizley,mbizleygc@spiegel.de,Female,155.92.3.190
590,Reuven,Richley,rrichleygd@tuttocitta.it,Male,217.96.131.163
591,Pepito,Covotti,pcovottige@howstuffworks.com,Male,244.125.191.192
592,Rachel,Buckwell,rbuckwellgf@ft.com,Female,123.5.101.111
593,Nesta,Wootton,nwoottongg@bloglovin.com,Female,9.172.38.193
594,Phillipp,Ebdon,pebdongh@nbcnews.com,Male,167.239.193.7
595,Trevar,Blackesland,tblackeslandgi@addtoany.com,Male,177.224.176.69
596,Gonzales,Luscombe,gluscombegj@timesonline.co.uk,Male,92.134.70.26
597,Shaun,McDonagh,smcdonaghgk@time.com,Female,10.158.119.184
598,Mahmud,Baden,mbadengl@ibm.com,Male,61.48.107.77
599,Jamey,Pickett,jpickettgm@delicious.com,Male,41.217.48.150
600,Micki,Rochford,mrochfordgn@slashdot.org,Female,36.212.233.68
601,Dorine,Picford,dpicfordgo@i2i.jp,Female,148.119.214.89
602,Alisander,Legister,alegistergp@jiathis.com,Male,203.48.119.177
603,Vernen,Hewertson,vhewertsongq@delicious.com,Male,87.164.219.66
604,Dollie,Treadgold,dtreadgoldgr@foxnews.com,Female,52.207.139.219
605,Tanitansy,Label,tlabelgs@cnet.com,Female,16.25.152.61
606,Cecilius,Dermot,cdermotgt@google.es,Male,93.166.203.52
607,Danyette,Aspy,daspygu@home.pl,Female,49.181.109.174
608,Dodie,Torrent,dtorrentgv@google.cn,Female,44.218.245.155
609,Arlene,Hayball,ahayballgw@spiegel.de,Female,235.226.29.93
610,Lelia,Simko,lsimkogx@angelfire.com,Female,25.57.128.6
611,Felizio,Agget,faggetgy@nbcnews.com,Male,184.249.68.53
612,Nealson,Lovemore,nlovemoregz@fema.gov,Male,187.18.191.18
613,Mikkel,Freake,mfreakeh0@woothemes.com,Male,45.10.58.43
614,Gav,Squibe,gsquibeh1@joomla.org,Male,11.36.183.196
615,Vivyan,Dignum,vdignumh2@networksolutions.com,Female,129.174.71.151
616,Betteann,Dawidman,bdawidmanh3@forbes.com,Female,254.98.136.250
617,Felice,Bonny,fbonnyh4@networksolutions.com,Female,51.225.213.34
618,Ottilie,Spinks,ospinksh5@google.nl,Female,117.254.166.110
619,Witty,Anfrey,wanfreyh6@yahoo.com,Male,122.192.170.169
620,Thoma,Beaze,tbeazeh7@techcrunch.com,Male,171.21.40.152
621,Dacy,Benjefield,dbenjefieldh8@auda.org.au,Female,87.21.30.148
622,Burnard,Perren,bperrenh9@cornell.edu,Male,21.0.248.112
623,Margit,Ebbs,mebbsha@infoseek.co.jp,Female,90.222.221.173
624,Townsend,Glandon,tglandonhb@vk.com,Male,238.50.144.68
625,Hubey,Doutch,hdoutchhc@sbwire.com,Male,16.216.206.31
626,Cordi,De Freyne,cdefreynehd@dell.com,Female,214.118.214.251
627,Beitris,Kaysor,bkaysorhe@ask.com,Female,228.114.239.21
628,Di,Sloey,dsloeyhf@altervista.org,Female,23.57.246.140
629,Bink,Harrema,bharremahg@cdbaby.com,Male,96.27.215.84
630,Alvis,Draijer,adraijerhh@miibeian.gov.cn,Male,175.54.82.176
631,Alair,Sudlow,asudlowhi@reuters.com,Male,124.23.189.172
632,Con,Alejo,calejohj@about.com,Male,68.55.123.106
633,April,Eyeington,aeyeingtonhk@adobe.com,Female,80.129.203.120
634,Far,Wybrew,fwybrewhl@unblog.fr,Male,12.167.146.18
635,Godart,Branch,gbranchhm@aol.com,Male,194.141.139.60
636,Gunter,Ridoutt,gridoutthn@admin.ch,Male,204.58.202.52
637,Darcee,Klemt,dklemtho@nyu.edu,Female,11.187.188.116
638,Mildred,Cromie,mcromiehp@cornell.edu,Female,123.70.119.77
639,Philippe,Arkley,parkleyhq@so-net.ne.jp,Female,22.142.223.67
640,Gisela,Vasilchikov,gvasilchikovhr@columbia.edu,Female,235.117.78.54
641,Tobe,Stolworthy,tstolworthyhs@jalbum.net,Female,29.227.24.187
642,Shana,Gammidge,sgammidgeht@google.co.jp,Female,91.195.244.54
643,Malory,Marrion,mmarrionhu@naver.com,Female,74.214.61.219
644,Daria,Shepeard,dshepeardhv@macromedia.com,Female,249.156.218.128
645,Edward,Gingedale,egingedalehw@ox.ac.uk,Male,237.205.151.27
646,Carly,Hattigan,chattiganhx@woothemes.com,Male,146.232.224.10
647,Cobb,Spaldin,cspaldinhy@utexas.edu,Male,66.220.104.173
648,Claudette,Yateman,cyatemanhz@addthis.com,Female,104.214.148.69
649,Susy,Benedicto,sbenedictoi0@va.gov,Female,83.2.17.201
650,Avie,Geill,ageilli1@bloomberg.com,Female,228.165.99.53
651,Esmaria,MacAllen,emacalleni2@domainmarket.com,Female,120.209.39.87
652,Gerianna,Abramski,gabramskii3@amazon.de,Female,16.100.32.140
653,Daryn,Blackaby,dblackabyi4@pbs.org,Female,5.228.33.163
654,Meggi,Llewellyn,mllewellyni5@state.tx.us,Female,65.60.106.216
655,Christos,Kendrick,ckendricki6@japanpost.jp,Male,129.112.136.154
656,Nicolette,Schlagtmans,nschlagtmansi7@fema.gov,Female,111.44.12.149
657,Gabie,Widdecombe,gwiddecombei8@shutterfly.com,Male,8.119.212.182
658,Rosalyn,Trump,rtrumpi9@51.la,Female,212.18.214.91
659,Natividad,Cowherd,ncowherdia@blogspot.com,Female,128.100.252.6
660,Red,Setchfield,rsetchfieldib@cdbaby.com,Male,171.39.16.196
661,Montgomery,Chawner,mchawneric@hostgator.com,Male,100.28.192.184
662,Nessi,Readmire,nreadmireid@comcast.net,Female,148.222.149.176
663,Marshall,Wermerling,mwermerlingie@toplist.cz,Male,42.156.122.154
664,Harlen,Charlotte,hcharlotteif@foxnews.com,Male,29.197.218.142
665,Hogan,O'Scollain,hoscollainig@admin.ch,Male,45.4.149.22
666,Humphrey,Farfalameev,hfarfalameevih@loc.gov,Male,168.155.221.5
667,Thaddeus,Forster,tforsterii@chronoengine.com,Male,163.223.196.147
668,Jeane,Bewley,jbewleyij@webs.com,Female,96.104.99.222
669,Izaak,Patty,ipattyik@photobucket.com,Male,196.52.110.240
670,Margarette,Tattersfield,mtattersfieldil@smugmug.com,Female,154.50.161.8
671,Sallee,Jellico,sjellicoim@va.gov,Female,19.168.15.155
672,Orlan,Tregunna,otregunnain@reuters.com,Male,130.74.197.95
673,Eden,Childes,echildesio@umn.edu,Female,9.1.135.59
674,Stanton,Berkery,sberkeryip@tamu.edu,Male,76.122.246.173
675,Sydel,Musprat,smuspratiq@hatena.ne.jp,Female,25.92.27.223
676,Alexina,McCumskay,amccumskayir@infoseek.co.jp,Female,73.106.182.62
677,Mariann,Giannasi,mgiannasiis@oaic.gov.au,Female,165.248.148.212
678,Guthrey,Oxteby,goxtebyit@vkontakte.ru,Male,193.113.119.198
679,Gail,Copestake,gcopestakeiu@mlb.com,Female,157.158.222.122
680,Alisun,Lewer,aleweriv@youku.com,Female,163.101.193.117
681,Ephrayim,Karp,ekarpiw@dailymail.co.uk,Male,149.107.205.22
682,Lyell,Lambillion,llambillionix@acquirethisname.com,Male,213.15.115.210
683,Seka,ducarme,sducarmeiy@topsy.com,Female,179.227.54.201
684,Bernette,Drable,bdrableiz@tripod.com,Female,46.165.51.16
685,Ardelia,Meharry,ameharryj0@sciencedirect.com,Female,60.137.149.228
686,Clarice,Akeherst,cakeherstj1@newyorker.com,Female,106.31.125.227
687,Englebert,Mendonca,emendoncaj2@sakura.ne.jp,Male,157.157.98.43
688,Jennine,Tyson,jtysonj3@stanford.edu,Female,213.113.5.44
689,Merv,Menzies,mmenziesj4@google.co.uk,Male,216.66.184.10
690,Orella,Frantsev,ofrantsevj5@geocities.jp,Female,201.60.237.195
691,Lilyan,Ingram,lingramj6@yahoo.com,Female,23.209.62.205
692,Fabiano,Mateos,fmateosj7@youtu.be,Male,139.191.184.204
693,Doralyn,Aldins,daldinsj8@google.fr,Female,200.24.11.18
694,Gabriellia,Headech,gheadechj9@quantcast.com,Female,168.46.156.126
695,Loria,Goulthorp,lgoulthorpja@wisc.edu,Female,110.180.94.130
696,Micky,Zaczek,mzaczekjb@about.me,Male,238.230.221.72
697,Luise,Watting,lwattingjc@ycombinator.com,Female,29.231.11.114
698,Tawsha,Espinho,tespinhojd@liveinternet.ru,Female,181.10.73.149
699,Karlene,Marrows,kmarrowsje@ameblo.jp,Female,130.191.184.243
700,Louisette,Bradder,lbradderjf@baidu.com,Female,247.184.38.208
701,Maura,Chattell,mchattelljg@t.co,Female,16.61.88.115
702,Corrinne,Buckthorp,cbuckthorpjh@goo.gl,Female,62.210.143.71
703,Dominique,Gorden,dgordenji@hubpages.com,Female,59.252.60.156
704,Mae,Bamling,mbamlingjj@imageshack.us,Female,52.76.252.142
705,Shae,MacLardie,smaclardiejk@google.cn,Male,71.158.159.138
706,Louisa,Gianneschi,lgianneschijl@hud.gov,Female,94.90.96.104
707,Janey,Finden,jfindenjm@yahoo.co.jp,Female,58.245.173.56
708,Hube,Merrifield,hmerrifieldjn@sfgate.com,Male,77.113.63.84
709,Enoch,Smuth,esmuthjo@archive.org,Male,130.183.121.186
710,Rosaline,Coppard,rcoppardjp@friendfeed.com,Female,170.158.128.39
711,Henryetta,Gentil,hgentiljq@sciencedaily.com,Female,16.118.53.114
712,Dyanne,Anlay,danlayjr@surveymonkey.com,Female,239.36.79.198
713,Lorettalorna,Garnson,lgarnsonjs@vinaora.com,Female,10.156.117.136
714,Laird,Brizland,lbrizlandjt@go.com,Male,220.157.233.237
715,Salomone,Collum,scollumju@ifeng.com,Male,196.77.253.137
716,Fredelia,Rodie,frodiejv@ustream.tv,Female,120.6.83.69
717,Jeanette,Carleton,jcarletonjw@webnode.com,Female,197.158.117.2
718,Juline,Beachem,jbeachemjx@diigo.com,Female,39.218.131.46
719,Marna,McKimm,mmckimmjy@lulu.com,Female,135.90.40.228
720,Sharity,De Cruze,sdecruzejz@archive.org,Female,20.154.78.98
721,Tiffy,Mullard,tmullardk0@rediff.com,Female,243.62.42.79
722,Karim,Bailes,kbailesk1@eventbrite.com,Male,198.233.133.35
723,Odele,Dargavel,odargavelk2@shinystat.com,Female,229.224.28.135
724,Kristos,Wheal,kwhealk3@ning.com,Male,9.199.78.207
725,Kellie,Talmadge,ktalmadgek4@nba.com,Female,250.140.227.224
726,Melessa,Allday,malldayk5@google.es,Female,186.83.196.67
727,Laura,Yates,lyatesk6@flickr.com,Female,131.193.95.156
728,Land,Osbaldstone,losbaldstonek7@unicef.org,Male,84.25.166.145
729,Sile,Nellies,snelliesk8@desdev.cn,Female,43.71.139.168
730,Teresa,Rawcliffe,trawcliffek9@aol.com,Female,239.201.16.82
731,Jean,Daish,jdaishka@imdb.com,Male,44.159.164.252
732,Brana,Colliss,bcollisskb@jiathis.com,Female,18.212.96.123
733,Constantine,Bullin,cbullinkc@indiegogo.com,Male,171.198.151.117
734,Dugald,Tweedell,dtweedellkd@altervista.org,Male,82.0.104.217
735,Melodie,Eldritt,meldrittke@bloglines.com,Female,168.24.104.225
736,Hyatt,Flancinbaum,hflancinbaumkf@hao123.com,Male,239.185.232.61
737,Dickie,Kingh,dkinghkg@archive.org,Male,207.0.56.26
738,Lucian,Calken,lcalkenkh@studiopress.com,Male,102.180.200.47
739,Borg,MacCall,bmaccallki@bbc.co.uk,Male,8.78.68.4
740,Shari,Yurov,syurovkj@nature.com,Female,53.242.163.62
741,Lenee,Delgadillo,ldelgadillokk@weather.com,Female,179.35.76.211
742,Karl,Forrestall,kforrestallkl@europa.eu,Male,243.117.243.251
743,Ara,Barlthrop,abarlthropkm@abc.net.au,Female,116.42.187.247
744,Tobin,Casol,tcasolkn@topsy.com,Male,131.86.62.196
745,Rodge,Toler,rtolerko@mashable.com,Male,173.115.193.205
746,Gare,Frondt,gfrondtkp@liveinternet.ru,Male,69.5.126.7
747,Randal,Ghelardi,rghelardikq@canalblog.com,Male,152.246.16.43
748,Noland,Tresise,ntresisekr@europa.eu,Male,184.206.191.176
749,Conant,Patinkin,cpatinkinks@bloglines.com,Male,173.94.218.219
750,Roderigo,Ahrend,rahrendkt@deviantart.com,Male,165.54.90.171
751,Abra,Readwood,areadwoodku@live.com,Female,65.12.60.173
752,Lem,Pyrke,lpyrkekv@canalblog.com,Male,178.126.96.99
753,Alis,Vanyutin,avanyutinkw@google.co.jp,Female,214.107.25.106
754,Gale,Brach,gbrachkx@businesswire.com,Male,102.92.196.229
755,Bord,Battle,bbattleky@independent.co.uk,Male,194.44.89.255
756,Hubie,Currer,hcurrerkz@pbs.org,Male,199.229.42.13
757,Storm,Bradneck,sbradneckl0@cornell.edu,Female,149.222.200.38
758,Jessie,Cressingham,jcressinghaml1@hibu.com,Female,147.38.180.0
759,Winifield,Pinnion,wpinnionl2@hibu.com,Male,180.197.236.223
760,Geraldine,Baber,gbaberl3@guardian.co.uk,Female,231.85.111.254
761,Zaneta,Ford,zfordl4@cornell.edu,Female,248.53.95.242
762,Upton,Matasov,umatasovl5@china.com.cn,Male,124.19.30.215
763,Marshal,Curtin,mcurtinl6@ebay.co.uk,Male,206.62.9.0
764,Chickie,Wozencraft,cwozencraftl7@apache.org,Male,153.5.213.1
765,Grady,Jevons,gjevonsl8@go.com,Male,231.242.235.25
766,Guglielma,Brazelton,gbrazeltonl9@youku.com,Female,212.238.220.79
767,Ludwig,Koubek,lkoubekla@godaddy.com,Male,136.204.237.153
768,Jenn,Sunman,jsunmanlb@mozilla.org,Female,1.43.218.73
769,Scot,Beckitt,sbeckittlc@pagesperso-orange.fr,Male,24.213.206.228
770,Thebault,Aspinal,taspinalld@cisco.com,Male,84.91.233.232
771,Roseanna,Stone,rstonele@dagondesign.com,Female,248.248.177.91
772,Leena,Cowely,lcowelylf@example.com,Female,103.116.159.163
773,Margareta,Shrimpton,mshrimptonlg@umn.edu,Female,229.183.26.220
774,Gerry,Gerdts,ggerdtslh@sina.com.cn,Male,141.104.99.159
775,Denny,Santore,dsantoreli@theatlantic.com,Female,5.21.191.107
776,Tonie,Ruckledge,truckledgelj@hugedomains.com,Female,3.251.125.199
777,Vanny,Heindrick,vheindricklk@nationalgeographic.com,Female,123.178.98.141
778,Shelley,Swainston,sswainstonll@google.nl,Male,75.218.253.200
779,Chaunce,MacRedmond,cmacredmondlm@yellowbook.com,Male,26.1.201.64
780,Mandy,Butrimovich,mbutrimovichln@statcounter.com,Female,64.97.156.116
781,Bevan,Swepstone,bswepstonelo@thetimes.co.uk,Male,207.219.136.122
782,Dillie,Cruickshank,dcruickshanklp@topsy.com,Male,38.73.49.159
783,Adolphus,Scraggs,ascraggslq@icio.us,Male,11.228.243.214
784,Orlan,Glanister,oglanisterlr@forbes.com,Male,149.101.155.251
785,Teddie,Hessay,thessayls@ebay.com,Female,70.52.32.111
786,Luci,Byrom,lbyromlt@list-manage.com,Female,175.92.91.253
787,Suki,MacKenzie,smackenzielu@topsy.com,Female,157.97.200.54
788,Aretha,Rudman,arudmanlv@liveinternet.ru,Female,188.210.74.53
789,Richy,Burnep,rburneplw@issuu.com,Male,65.32.50.152
790,Lulita,Roxbrough,lroxbroughlx@guardian.co.uk,Female,217.232.206.186
791,Nessy,Coie,ncoiely@wordpress.org,Female,113.10.15.236
792,Panchito,Honig,phoniglz@imdb.com,Male,82.38.161.219
793,Cathrine,Neat,cneatm0@oaic.gov.au,Female,100.19.74.48
794,Chicky,Dur,cdurm1@pen.io,Female,250.45.25.211
795,Link,Deans,ldeansm2@pbs.org,Male,208.243.153.62
796,Bill,Thraves,bthravesm3@wikipedia.org,Female,164.24.172.101
797,Darrelle,McCurry,dmccurrym4@google.it,Female,50.38.172.134
798,Junia,Gadie,jgadiem5@ycombinator.com,Female,122.93.63.55
799,Ambur,Klaus,aklausm6@last.fm,Female,142.27.216.16
800,Birdie,Harborow,bharborowm7@devhub.com,Female,121.41.207.236
801,Peyter,Costall,pcostallm8@omniture.com,Male,133.225.109.27
802,Dickie,Madner,dmadnerm9@narod.ru,Male,12.225.92.57
803,Falito,Canceller,fcancellerma@ning.com,Male,45.208.220.233
804,Wilfred,O'Grogane,wogroganemb@apache.org,Male,139.105.6.231
805,Bonnibelle,Roadknight,broadknightmc@zimbio.com,Female,213.182.123.32
806,Francklin,Brattan,fbrattanmd@shinystat.com,Male,79.117.176.223
807,Walther,Howie,whowieme@canalblog.com,Male,232.25.105.245
808,Jermain,Speares,jspearesmf@freewebs.com,Male,155.75.83.167
809,Joelle,Gonnel,jgonnelmg@state.tx.us,Female,92.245.220.43
810,Doe,MacNeil,dmacneilmh@geocities.jp,Female,183.236.232.253
811,Faustine,Barehead,fbareheadmi@addthis.com,Female,216.136.239.130
812,Cornela,Keneleyside,ckeneleysidemj@canalblog.com,Female,195.58.188.37
813,Rozina,De Benedetti,rdebenedettimk@miibeian.gov.cn,Female,248.162.28.162
814,Florenza,Springthorp,fspringthorpml@angelfire.com,Female,59.20.75.27
815,Fannie,De la Perrelle,fdelaperrellemm@bluehost.com,Female,196.230.144.59
816,Jo,Hissett,jhissettmn@about.me,Male,139.40.118.231
817,Sybille,McCallum,smccallummo@alexa.com,Female,18.140.142.36
818,Erhart,Duling,edulingmp@chicagotribune.com,Male,1.220.249.176
819,Bruis,Slyford,bslyfordmq@spotify.com,Male,27.3.85.79
820,Shaw,Bendall,sbendallmr@sciencedirect.com,Male,23.46.178.19
821,Federico,Caddies,fcaddiesms@ifeng.com,Male,196.208.25.177
822,Walther,Hughill,whughillmt@blinklist.com,Male,199.79.221.193
823,Emmalynne,Leeb,eleebmu@purevolume.com,Female,49.249.48.40
824,Ezekiel,Roz,erozmv@statcounter.com,Male,219.41.90.248
825,Alejandrina,O'Heneghan,aoheneghanmw@squarespace.com,Female,84.204.182.83
826,Callean,Fairbridge,cfairbridgemx@foxnews.com,Male,189.108.155.185
827,Chrysler,Fulop,cfulopmy@cbc.ca,Female,131.154.199.18
828,Andromache,Rollin,arollinmz@adobe.com,Female,18.18.36.216
829,Wallis,Selland,wsellandn0@techcrunch.com,Female,28.248.42.85
830,Berny,Oglethorpe,boglethorpen1@bigcartel.com,Male,122.186.151.66
831,Orion,Suttill,osuttilln2@intel.com,Male,64.217.53.101
832,Duff,Tomsu,dtomsun3@friendfeed.com,Male,95.180.230.122
833,Syman,Sikora,ssikoran4@umich.edu,Male,50.201.73.235
834,Merrill,Feldstern,mfeldsternn5@delicious.com,Male,155.175.130.210
835,Hoyt,Scough,hscoughn6@twitpic.com,Male,94.154.218.242
836,Mallissa,McWhinnie,mmcwhinnien7@godaddy.com,Female,205.214.166.159
837,Nollie,Learie,nlearien8@nifty.com,Male,168.17.6.46
838,Christian,Bartot,cbartotn9@histats.com,Female,155.30.64.154
839,Marys,Lambdon,mlambdonna@theguardian.com,Female,192.200.173.215
840,Barnabas,Leman,blemannb@flickr.com,Male,216.196.19.71
841,Adiana,Hurton,ahurtonnc@123-reg.co.uk,Female,145.21.4.56
842,Tobiah,Frossell,tfrossellnd@360.cn,Male,158.129.70.181
843,Vallie,Hobell,vhobellne@qq.com,Female,44.253.47.135
844,Iver,Medd,imeddnf@bloglines.com,Male,141.34.145.94
845,Roda,McCowen,rmccowenng@cafepress.com,Female,220.180.115.168
846,Ulrike,Kays,ukaysnh@go.com,Female,190.11.128.115
847,Tedman,Tuley,ttuleyni@sogou.com,Male,240.150.153.206
848,Lucita,Housecroft,lhousecroftnj@marketwatch.com,Female,79.118.245.218
849,Bayard,Chadband,bchadbandnk@arstechnica.com,Male,178.155.211.179
850,Lilas,Grasner,lgrasnernl@shop-pro.jp,Female,227.21.189.16
851,Alis,Cottisford,acottisfordnm@economist.com,Female,148.216.98.56
852,Evania,O'Sheils,eosheilsnn@dailymail.co.uk,Female,155.251.158.49
853,Chris,Najara,cnajarano@msn.com,Male,24.108.90.214
854,Joshia,Castagne,jcastagnenp@pbs.org,Male,243.13.86.138
855,Cass,Wais,cwaisnq@gizmodo.com,Female,145.244.118.1
856,Emylee,Bernhard,ebernhardnr@cdbaby.com,Female,131.82.71.49
857,Tobiah,Lowell,tlowellns@independent.co.uk,Male,75.74.129.17
858,Amity,Amer,aamernt@mlb.com,Female,167.46.253.192
859,Dominic,Almeida,dalmeidanu@columbia.edu,Male,41.147.113.53
860,Amelia,Barrowcliff,abarrowcliffnv@army.mil,Female,146.26.23.6
861,Torre,Elby,telbynw@hexun.com,Male,249.160.91.27
862,Helenka,Grigolon,hgrigolonnx@shutterfly.com,Female,191.118.194.228
863,Raynor,Louder,rlouderny@rediff.com,Male,249.70.138.232
864,Rockey,Croll,rcrollnz@meetup.com,Male,68.48.144.1
865,Willy,Enrique,wenriqueo0@joomla.org,Male,25.238.171.134
866,Cart,Barnwall,cbarnwallo1@upenn.edu,Male,96.49.248.153
867,Westley,Gosforth,wgosfortho2@mapy.cz,Male,255.210.190.137
868,Hughie,Gallgher,hgallghero3@moonfruit.com,Male,162.247.241.109
869,Marianna,Want,mwanto4@pcworld.com,Female,172.128.197.51
870,Sofia,Kirby,skirbyo5@oakley.com,Female,51.152.133.144
871,Rosalyn,Brower,rbrowero6@tmall.com,Female,247.147.243.245
872,Barrett,Reggiani,breggianio7@google.cn,Male,51.54.177.226
873,Hamil,Currao,hcurraoo8@china.com.cn,Male,73.251.98.175
874,Carine,Hadlington,chadlingtono9@slashdot.org,Female,50.150.178.210
875,Olvan,Rambadt,orambadtoa@youku.com,Male,41.208.153.90
876,Roley,Sehorsch,rsehorschob@deliciousdays.com,Male,16.71.237.20
877,Murdoch,Linskey,mlinskeyoc@washington.edu,Male,169.214.142.164
878,Eustace,Switzer,eswitzerod@cnbc.com,Male,87.116.120.152
879,Chet,Flemming,cflemmingoe@tinypic.com,Male,235.130.20.204
880,Cristen,Duffill,cduffillof@liveinternet.ru,Female,210.173.85.29
881,Rockey,Vidgen,rvidgenog@freewebs.com,Male,188.147.170.90
882,Georas,L'Amie,glamieoh@state.tx.us,Male,108.202.236.75
883,Jae,Leve,jleveoi@deviantart.com,Male,114.90.202.244
884,Valentino,Blaxeland,vblaxelandoj@hud.gov,Male,237.135.191.185
885,Madelene,Steadman,msteadmanok@w3.org,Female,88.11.156.31
886,Odelinda,Sermin,oserminol@nifty.com,Female,153.188.117.211
887,Horacio,Greenhow,hgreenhowom@dell.com,Male,225.218.139.81
888,Deane,Camous,dcamouson@networksolutions.com,Male,33.197.46.66
889,Cull,Pease,cpeaseoo@wordpress.com,Male,219.137.229.198
890,Ernst,Bargery,ebargeryop@instagram.com,Male,252.148.128.8
891,Gabe,Apdell,gapdelloq@bluehost.com,Male,220.43.131.13
892,Aubrette,Muldowney,amuldowneyor@mashable.com,Female,177.42.72.145
893,Axel,Tingly,atinglyos@ca.gov,Male,249.181.211.66
894,Louisette,Mulvagh,lmulvaghot@comsenz.com,Female,182.234.48.199
895,Launce,Boother,lbootherou@redcross.org,Male,145.10.16.208
896,Thor,Lepick,tlepickov@tiny.cc,Male,44.223.105.85
897,Chastity,Crosfield,ccrosfieldow@discuz.net,Female,231.134.50.154
898,Julie,Caddell,jcaddellox@sciencedirect.com,Male,231.57.205.232
899,Amye,Alenin,aaleninoy@wikispaces.com,Female,46.109.117.167
900,Allan,D'Emanuele,ademanueleoz@tmall.com,Male,176.108.231.181
901,Nevins,Fireman,nfiremanp0@artisteer.com,Male,228.222.109.177
902,Claudian,McPharlain,cmcpharlainp1@issuu.com,Male,8.70.240.53
903,Miguel,Mungane,mmunganep2@washington.edu,Male,56.225.173.46
904,Katerine,Zahor,kzahorp3@wikimedia.org,Female,235.240.9.74
905,Winnie,Langan,wlanganp4@nydailynews.com,Female,161.27.47.148
906,Kermie,Dodsworth,kdodsworthp5@skype.com,Male,177.214.124.197
907,Jorgan,Week,jweekp6@storify.com,Male,97.16.91.26
908,Rod,Blaasch,rblaaschp7@blogtalkradio.com,Male,119.160.168.182
909,Chilton,Hounson,chounsonp8@bbc.co.uk,Male,148.173.67.187
910,Mathilda,England,menglandp9@ezinearticles.com,Female,194.92.125.207
911,Guillaume,Dutnall,gdutnallpa@posterous.com,Male,213.95.73.192
912,Rand,Silwood,rsilwoodpb@google.com.br,Male,254.174.16.16
913,Nealson,Boig,nboigpc@china.com.cn,Male,251.1.30.152
914,Amargo,Boles,abolespd@github.io,Female,69.105.13.117
915,Neel,Cogin,ncoginpe@smugmug.com,Male,188.174.162.192
916,Miranda,Gotter,mgotterpf@mozilla.org,Female,34.187.13.20
917,Gerhardt,Sekulla,gsekullapg@yahoo.com,Male,152.253.164.20
918,Danielle,Oattes,doattesph@lycos.com,Female,252.208.247.241
919,Katy,Jansey,kjanseypi@gov.uk,Female,11.131.111.210
920,Barnabas,Hartopp,bhartopppj@clickbank.net,Male,221.220.41.44
921,Ava,de Bullion,adebullionpk@tripod.com,Female,79.232.26.1
922,Reynold,Ollis,rollispl@whitehouse.gov,Male,15.85.51.8
923,Lorna,Ellerman,lellermanpm@vk.com,Female,128.111.222.136
924,Tessie,Bourthoumieux,tbourthoumieuxpn@harvard.edu,Female,44.248.58.6
925,Henrik,Brinsford,hbrinsfordpo@loc.gov,Male,117.226.82.97
926,Sada,Rentelll,srentelllpp@blogs.com,Female,153.54.57.143
927,Bordy,Aspey,baspeypq@samsung.com,Male,52.202.215.233
928,Angelique,Mepsted,amepstedpr@bloglines.com,Female,78.61.80.147
929,Skip,Perks,sperksps@youtu.be,Male,146.30.91.72
930,Saunderson,Harrod,sharrodpt@163.com,Male,152.111.102.166
931,Guthry,Stratley,gstratleypu@google.fr,Male,134.238.213.79
932,Dael,Grimsell,dgrimsellpv@newyorker.com,Female,100.19.24.181
933,Rodney,Bollard,rbollardpw@cmu.edu,Male,138.89.248.160
934,Hermie,Fareweather,hfareweatherpx@1688.com,Male,228.116.225.220
935,Kissee,Amiss,kamisspy@live.com,Female,15.81.111.253
936,Yehudit,Bonham,ybonhampz@bloglovin.com,Male,251.26.173.84
937,Bel,Chaman,bchamanq0@vinaora.com,Female,123.162.250.247
938,Uta,Waite,uwaiteq1@sourceforge.net,Female,245.169.16.10
939,Millisent,Tatlowe,mtatloweq2@wordpress.org,Female,168.5.204.144
940,Garey,Stolberg,gstolbergq3@youku.com,Male,131.216.197.23
941,Sherry,Huonic,shuonicq4@homestead.com,Female,182.60.83.186
942,Clevie,Yantsev,cyantsevq5@upenn.edu,Male,205.131.9.1
943,Edlin,Saunter,esaunterq6@360.cn,Male,57.101.135.226
944,Rhiamon,Blunsum,rblunsumq7@timesonline.co.uk,Female,46.148.101.72
945,Dredi,Eccleston,decclestonq8@irs.gov,Female,184.104.14.210
946,Lemmie,McCosh,lmccoshq9@furl.net,Male,253.199.7.75
947,Atlante,Castagno,acastagnoqa@amazonaws.com,Female,253.10.58.205
948,Aurea,Scamwell,ascamwellqb@soundcloud.com,Female,110.119.79.113
949,Tuesday,Kleisel,tkleiselqc@cdbaby.com,Female,30.140.75.107
950,Madlin,Christin,mchristinqd@google.ru,Female,56.85.47.179
951,Nappie,McGarvey,nmcgarveyqe@kickstarter.com,Male,53.173.2.46
952,Fanya,Moehle,fmoehleqf@constantcontact.com,Female,140.189.211.53
953,Clay,Basso,cbassoqg@nyu.edu,Male,180.163.94.209
954,Josephine,Ganiford,jganifordqh@yahoo.co.jp,Female,182.158.108.4
955,Markus,Dufton,mduftonqi@addthis.com,Male,253.94.118.190
956,Marget,Leathwood,mleathwoodqj@geocities.jp,Female,13.233.133.6
957,Jock,Mawman,jmawmanqk@cmu.edu,Male,94.196.249.207
958,Essy,Edmondson,eedmondsonql@clickbank.net,Female,194.225.57.44
959,Carry,Mantle,cmantleqm@home.pl,Female,97.31.111.122
960,Meghan,Helling,mhellingqn@storify.com,Female,35.14.255.239
961,Ceil,Craigg,ccraiggqo@dropbox.com,Female,46.134.210.147
962,Aurelea,Donnellan,adonnellanqp@parallels.com,Female,11.235.9.66
963,La verne,O'Carran,locarranqq@taobao.com,Female,183.122.239.85
964,Joanne,Grabham,jgrabhamqr@sogou.com,Female,84.128.197.111
965,Dorey,Lembke,dlembkeqs@redcross.org,Male,37.233.106.97
966,Korey,Marguerite,kmargueriteqt@macromedia.com,Male,64.242.136.5
967,Corey,Morrid,cmorridqu@ow.ly,Male,211.237.171.83
968,Noby,Marzelo,nmarzeloqv@google.com.br,Male,255.69.58.158
969,Corrie,Heiss,cheissqw@vk.com,Male,207.206.131.175
970,Winnah,Moakes,wmoakesqx@blogger.com,Female,221.101.162.50
971,Bary,Colls,bcollsqy@macromedia.com,Male,87.58.139.253
972,Rollo,Silverston,rsilverstonqz@ask.com,Male,80.47.250.86
973,Marianna,Swanger,mswangerr0@shareasale.com,Female,220.108.73.47
974,Abdul,Thomton,athomtonr1@dedecms.com,Male,9.234.30.51
975,Jermain,Grigsby,jgrigsbyr2@fda.gov,Male,31.93.36.195
976,Hobard,Nardrup,hnardrupr3@pinterest.com,Male,253.25.58.161
977,Edie,Gilardi,egilardir4@naver.com,Female,206.134.148.127
978,Wells,Sutworth,wsutworthr5@vkontakte.ru,Male,156.193.98.93
979,Lee,Campos,lcamposr6@wikipedia.org,Female,77.30.17.146
980,Ilene,Deerr,ideerrr7@barnesandnoble.com,Female,204.97.103.52
981,Ravi,Graber,rgraberr8@miitbeian.gov.cn,Male,187.79.165.100
982,Ev,Cometto,ecomettor9@sourceforge.net,Male,166.127.16.201
983,Alleyn,Wadeson,awadesonra@hud.gov,Male,67.124.47.102
984,Rivalee,Roder,rroderrb@cafepress.com,Female,211.83.130.125
985,Caleb,Annell,cannellrc@epa.gov,Male,211.158.246.3
986,Rudolf,Pinel,rpinelrd@booking.com,Male,156.126.5.166
987,Jarrad,Macak,jmacakre@ca.gov,Male,65.253.247.30
988,Orlando,Bartels,obartelsrf@fda.gov,Male,0.215.52.96
989,Nicola,Pacher,npacherrg@umich.edu,Male,63.161.10.61
990,Lisetta,Sighard,lsighardrh@bluehost.com,Female,255.92.246.199
991,Othilia,Burnsides,oburnsidesri@devhub.com,Female,247.238.9.78
992,Mahmoud,Bunt,mbuntrj@forbes.com,Male,205.36.226.206
993,Kippy,Saleway,ksalewayrk@who.int,Male,185.225.251.121
994,Pollyanna,Dayment,pdaymentrl@bravesites.com,Female,38.47.203.194
995,Barrie,Tomasz,btomaszrm@tamu.edu,Female,238.39.248.101
996,Alvy,Huckin,ahuckinrn@list-manage.com,Male,63.126.222.93
997,Loren,Zoren,lzorenro@dot.gov,Female,41.187.48.250
998,Bevon,Gladbach,bgladbachrp@webnode.com,Male,184.194.35.205
999,Sinclare,Allmen,sallmenrq@vimeo.com,Male,97.186.241.17
1000,Eziechiele,Hoffner,ehoffnerrr@digg.com,Male,21.194.216.158
